curated_collection,document_id,path,repository_id,metadata_type,title,added,document_created,document_updated
muslimworld,6847,0032/ms_or_015,32,TEI,Sharh-i sad kalimah-i Batlamiyus.,2018-12-19T15:33:38+00:00,2018-12-18T21:36:56+00:00,2019-01-25T21:41:18+00:00
muslimworld,6849,0032/ms_or_019,32,TEI,Panjah bab-i sultani bi-`ilm-i usturlab.,2018-12-19T19:00:13+00:00,2018-12-19T17:42:27+00:00,2019-01-28T14:43:05+00:00
muslimworld,6850,0032/ms_or_024,32,TEI,Calendar for year 1064 AH,2018-12-19T19:00:26+00:00,2018-12-19T18:07:53+00:00,2019-01-28T14:43:12+00:00
muslimworld,6851,0032/ms_or_025,32,TEI,Kitab al-ukar.,2018-12-19T19:00:40+00:00,2018-12-19T18:10:47+00:00,2019-01-28T14:43:19+00:00
muslimworld,6852,0032/ms_or_032,32,TEI,Treatise on composing letters,2018-12-19T19:00:49+00:00,2018-12-19T18:23:42+00:00,2019-01-28T14:43:25+00:00
muslimworld,6853,0032/ms_or_044,32,TEI,Kitab al-kurah al-mutaharrikah /,2018-12-19T19:00:55+00:00,2018-12-19T18:46:11+00:00,2019-12-03T16:32:23+00:00
muslimworld,6854,0032/ms_or_046,32,TEI,Sharh-i `asa-yi mukhtari`-i humayun padshah. Ganj-i nahan khanah-i hayy-i qadim.,2018-12-19T19:01:03+00:00,2018-12-19T18:49:22+00:00,2019-01-28T14:43:40+00:00
muslimworld,6865,0032/ms_or_016,32,TEI,On charms and talismans.,2019-02-06T20:54:43+00:00,2019-02-04T17:05:10+00:00,2019-02-04T23:21:47+00:00
muslimworld,6866,0032/ms_or_021,32,TEI,al-Mulakhkhas fi al-hay'ah.,2019-02-06T20:54:43+00:00,2019-02-05T19:40:30+00:00,2019-02-05T23:32:48+00:00
muslimworld,6867,0032/ms_or_030,32,TEI,Usul al-handasah wa-al-hisab /,2019-02-06T20:54:43+00:00,2019-02-05T20:51:33+00:00,2019-02-05T23:32:48+00:00
muslimworld,6868,0032/ms_or_033,32,TEI,Khulasat al-hisab.,2019-02-06T20:54:43+00:00,2019-02-05T22:06:26+00:00,2019-02-05T23:32:48+00:00
muslimworld,6869,0032/ms_or_036,32,TEI,Badi` al-hisab.,2019-02-07T20:10:20+00:00,2019-02-06T15:48:36+00:00,2019-02-06T23:44:45+00:00
muslimworld,6870,0032/ms_or_037,32,TEI,Bada'i` al-funun.,2019-02-07T20:10:20+00:00,2019-02-06T16:30:43+00:00,2019-02-06T23:44:45+00:00
muslimworld,6871,0032/ms_or_038,32,TEI,Lilavati.,2019-02-07T20:10:21+00:00,2019-02-06T17:08:21+00:00,2019-02-06T23:44:45+00:00
muslimworld,6874,0032/ms_or_043,32,TEI,Sharh ashkal al-ta'sis.,2019-02-07T20:10:21+00:00,2019-02-06T17:55:49+00:00,2019-02-06T23:44:45+00:00
muslimworld,6872,0032/ms_or_039,32,TEI,Kitab-i Surkhab dar `ilm-i raml.,2019-02-07T20:11:26+00:00,2019-02-06T17:45:29+00:00,2019-02-06T23:44:45+00:00
muslimworld,6873,0032/ms_or_041,32,TEI,Sab` samawat li-sirr sama'i.,2019-02-11T16:17:31+00:00,2019-02-06T17:52:50+00:00,2019-03-18T16:01:11+00:00
muslimworld,6875,0032/ms_or_047,32,TEI,Risalah bar usturlab.,2019-02-11T16:17:31+00:00,2019-02-07T14:25:01+00:00,2019-02-08T00:47:37+00:00
muslimworld,6876,0032/ms_or_048,32,TEI,Bist bab dar `ilm-i usturlab.,2019-02-11T16:17:31+00:00,2019-02-07T14:25:41+00:00,2019-02-08T00:47:37+00:00
muslimworld,6881,0032/ms_or_049,32,TEI,Kitab Usul al-handasah wa-al-hisab,2019-02-11T16:17:31+00:00,2019-02-07T16:08:17+00:00,2019-02-14T19:55:05+00:00
muslimworld,6877,0032/ms_or_052,32,TEI,Kitab al-kurah al-mutaharrikah /,2019-02-11T16:17:31+00:00,2019-02-07T15:08:44+00:00,2019-02-08T00:47:37+00:00
muslimworld,6878,0032/ms_or_054,32,TEI,Lilavati.,2019-02-11T16:17:31+00:00,2019-02-07T15:24:12+00:00,2019-02-08T00:47:37+00:00
muslimworld,6879,0032/ms_or_058,32,TEI,Khulasat al-hisab.,2019-02-11T16:17:31+00:00,2019-02-07T15:39:21+00:00,2019-02-08T00:47:37+00:00
muslimworld,6880,0032/ms_or_060,32,TEI,Bahr al-`Uyun.,2019-02-11T16:17:31+00:00,2019-02-07T16:06:27+00:00,2019-02-08T00:47:37+00:00
muslimworld,6882,0032/ms_or_064,32,TEI,Usul al-handasah wa-al-hisab. Fi bayan al-murabba`at.,2019-02-11T16:17:31+00:00,2019-02-07T16:23:05+00:00,2019-02-08T00:47:37+00:00
muslimworld,6883,0032/ms_or_066,32,TEI,Majmu`ah.,2019-02-11T16:17:31+00:00,2019-02-07T18:14:43+00:00,2019-02-14T20:49:52+00:00
muslimworld,6885,0032/ms_or_069,32,TEI,al-Mujallad al-rabi` min al-mathnawi al-ma`nawi al-hadi ila sirat al-sawi,2019-02-11T16:17:31+00:00,2019-02-07T18:53:28+00:00,2019-02-08T00:47:37+00:00
muslimworld,6884,0032/ms_or_072,32,TEI,Diwan Taj al-`arifin wa-sultan al-`ashiqin min al-shu`ara' bi-la mu`arid `Umar ibn Farid.,2019-02-11T16:17:31+00:00,2019-02-07T18:48:48+00:00,2019-02-08T00:47:37+00:00
muslimworld,6887,0032/ms_or_091,32,TEI,al-Qur'an.,2019-02-11T16:17:31+00:00,2019-02-08T15:55:21+00:00,2019-02-08T23:42:41+00:00
muslimworld,6888,0032/ms_or_094,32,TEI,al-Juz' al-rabi` wa-al-`ishrun.,2019-02-11T16:17:31+00:00,2019-02-08T18:58:02+00:00,2019-02-08T23:42:41+00:00
muslimworld,6889,0032/ms_or_095,32,TEI,Sharh Qatr al-nada wa-ball al-sada.,2019-02-11T16:17:31+00:00,2019-02-08T19:23:24+00:00,2019-02-08T23:42:41+00:00
muslimworld,6890,0032/ms_or_096,32,TEI,Qur'an selections and prayers.,2019-02-11T16:17:31+00:00,2019-02-08T20:11:50+00:00,2019-02-08T23:42:41+00:00
muslimworld,6891,0032/ms_or_098,32,TEI,al-Juz' al-rabi` `ashar min al-rab`ah al-sharifah.,2019-02-11T16:17:31+00:00,2019-02-08T21:01:13+00:00,2019-02-08T23:42:41+00:00
muslimworld,6886,0032/ms_or_083,32,TEI,al-Qur'an.,2019-02-13T19:47:44+00:00,2019-02-07T19:29:06+00:00,2019-02-12T00:04:37+00:00
muslimworld,6892,0032/ms_or_083a,32,TEI,Qur'an leaf.,2019-02-13T19:47:44+00:00,2019-02-11T16:31:37+00:00,2019-02-12T00:04:37+00:00
muslimworld,6893,0032/ms_or_099,32,TEI,al-Juz' al-thamin `ashar.,2019-02-13T19:47:44+00:00,2019-02-11T16:44:18+00:00,2019-02-12T00:04:37+00:00
muslimworld,6894,0032/ms_or_100,32,TEI,al-Juz' al-sadis.,2019-02-13T19:47:44+00:00,2019-02-11T16:51:17+00:00,2019-02-12T00:04:37+00:00
muslimworld,6895,0032/ms_or_101,32,TEI,al-Juz' al-hadi `ashr.,2019-02-13T19:47:44+00:00,2019-02-11T16:56:03+00:00,2019-02-12T00:04:37+00:00
muslimworld,6897,0032/ms_or_102,32,TEI,al-Juz' al-thamin `ashar.,2019-02-13T19:47:44+00:00,2019-02-11T18:33:20+00:00,2019-02-12T00:04:37+00:00
muslimworld,6896,0032/ms_or_103,32,TEI,al-Juz' al-hadi wa-al-`ishrun.,2019-02-13T19:47:44+00:00,2019-02-11T18:32:01+00:00,2019-02-12T00:04:37+00:00
muslimworld,6898,0032/ms_or_104,32,TEI,al-Juz' al-thani wa-al-`ishrun.,2019-02-13T19:47:44+00:00,2019-02-11T18:55:58+00:00,2019-02-12T00:04:37+00:00
muslimworld,6899,0032/ms_or_105,32,TEI,al-Juz' al-thamin wa-al-`ishrun.,2019-02-13T19:47:44+00:00,2019-02-11T19:04:55+00:00,2019-02-12T00:04:37+00:00
muslimworld,6900,0032/ms_or_106,32,TEI,al-Nisf al-thani min juz' ahad `ashar.,2019-02-13T19:47:44+00:00,2019-02-11T19:18:28+00:00,2019-02-12T00:04:38+00:00
muslimworld,6901,0032/ms_or_107,32,TEI,al-Juz' al-awwal.,2019-02-13T19:47:44+00:00,2019-02-11T19:22:14+00:00,2019-02-12T00:04:38+00:00
muslimworld,6902,0032/ms_or_108,32,TEI,al-Juz' al-sadis `ashar,2019-02-13T19:47:44+00:00,2019-02-11T19:33:37+00:00,2019-02-12T00:04:38+00:00
muslimworld,6903,0032/ms_or_109,32,TEI,al-Juz' al-thani wa-al-`ishrun.,2019-02-13T19:47:44+00:00,2019-02-11T20:04:23+00:00,2019-02-12T00:04:38+00:00
muslimworld,6904,0032/ms_or_110,32,TEI,al-Juz' al-khamis `ashar min al-rab`ah al-sharifah.,2019-02-13T19:47:44+00:00,2019-02-11T20:12:55+00:00,2019-02-12T00:04:38+00:00
muslimworld,6905,0032/ms_or_111,32,TEI,al-Juz' al-khamis wa-al-`ishrun.,2019-02-13T19:47:44+00:00,2019-02-11T20:23:25+00:00,2019-02-12T00:04:38+00:00
muslimworld,6906,0032/ms_or_112,32,TEI,al-Juz' al-rabi`.,2019-02-13T19:47:44+00:00,2019-02-11T20:32:29+00:00,2019-02-12T00:04:38+00:00
muslimworld,6907,0032/ms_or_113,32,TEI,al-Juz' al-tasi` `ashar.,2019-02-13T19:47:44+00:00,2019-02-11T20:47:33+00:00,2019-02-12T00:04:38+00:00
muslimworld,6908,0032/ms_or_114,32,TEI,al-Juz' al-tasi`.,2019-02-13T19:47:44+00:00,2019-02-11T20:57:47+00:00,2019-02-12T00:04:38+00:00
muslimworld,6909,0032/ms_or_115,32,TEI,al-Muqaddimah al-Ghaznawiyah.,2019-02-13T19:47:44+00:00,2019-02-11T21:07:56+00:00,2019-02-12T00:04:38+00:00
muslimworld,6911,0032/ms_or_117,32,TEI,Dala'il al-khayrat wa shawariq al-anwar fi dhikr al-salah `ala al-nabi al-mukhtar.,2019-02-13T19:47:44+00:00,2019-02-11T21:23:41+00:00,2020-04-22T18:02:43+00:00
muslimworld,6910,0032/ms_or_118,32,TEI,al-Juz' al-sabi` wa-al-`ishrun.,2019-02-13T19:47:44+00:00,2019-02-11T21:22:53+00:00,2019-02-12T00:04:38+00:00
muslimworld,6912,0032/ms_or_120,32,TEI,Nuskhat al-sijill alladhi wujida mu`allaqan `ala al-mashahid fi ghaybat Mawlana al-Imam al-Hakim ... .,2019-02-13T19:47:44+00:00,2019-02-12T14:53:58+00:00,2019-02-12T23:54:14+00:00
muslimworld,6913,0032/ms_or_122,32,TEI,Junnat al-aman al-waqiyah wa-junnat al-iman al-baqiyah.,2019-02-13T19:47:44+00:00,2019-02-12T16:49:25+00:00,2019-02-12T23:54:14+00:00
muslimworld,6914,0032/ms_or_123,32,TEI,Sharh-i Nahj al-balaghah.,2019-02-13T19:47:44+00:00,2019-02-12T20:34:36+00:00,2019-02-12T23:54:14+00:00
muslimworld,6915,0032/ms_or_131,32,TEI,Collection of prayers.,2019-02-13T19:47:44+00:00,2019-02-12T21:20:45+00:00,2019-02-12T23:54:14+00:00
muslimworld,6916,0032/ms_or_132,32,TEI,Collection of prayers.,2019-02-14T21:10:10+00:00,2019-02-13T14:42:24+00:00,2019-02-14T01:27:22+00:00
muslimworld,6917,0032/ms_or_137,32,TEI,al-Juz' al-thamin.,2019-02-14T21:10:10+00:00,2019-02-13T14:42:59+00:00,2019-02-14T01:27:22+00:00
muslimworld,6918,0032/ms_or_138,32,TEI,Collection of prayers and selections from the Qur'an.,2019-02-14T21:10:10+00:00,2019-02-13T14:51:38+00:00,2019-02-14T01:27:22+00:00
muslimworld,6919,0032/ms_or_140,32,TEI,al-Juz' al-rabi` `ashar.,2019-02-14T21:10:10+00:00,2019-02-13T14:52:26+00:00,2019-02-14T01:27:22+00:00
muslimworld,6920,0032/ms_or_141,32,TEI,al-Juz' al-tasi`.,2019-02-14T21:10:10+00:00,2019-02-13T15:09:55+00:00,2019-02-14T01:27:22+00:00
muslimworld,6926,0032/ms_or_146,32,TEI,Tuhfat al-muluk.,2019-02-14T21:10:10+00:00,2019-02-13T15:50:47+00:00,2019-02-14T01:27:22+00:00
muslimworld,6921,0032/ms_or_146a,32,TEI,Leaf from Yusuf va Zulaykha,2019-02-14T21:10:10+00:00,2019-02-13T15:19:19+00:00,2019-02-14T01:27:22+00:00
muslimworld,6923,0032/ms_or_150,32,TEI,Hadha kitab sih zaban.,2019-02-14T21:10:10+00:00,2019-02-13T15:28:13+00:00,2019-02-14T01:27:22+00:00
muslimworld,6922,0032/ms_or_152a,32,TEI,Incomplete text on letter magic.,2019-02-14T21:10:10+00:00,2019-02-13T15:27:41+00:00,2019-02-14T01:27:22+00:00
muslimworld,6924,0032/ms_or_152b,32,TEI,Painted manuscript leaves.,2019-02-14T21:10:10+00:00,2019-02-13T15:34:41+00:00,2019-02-14T01:27:22+00:00
muslimworld,6925,0032/ms_or_152c,32,TEI,Single leaf with illustration.,2019-02-14T21:10:10+00:00,2019-02-13T15:39:29+00:00,2019-02-14T01:27:22+00:00
muslimworld,6928,0032/ms_or_169,32,TEI,al-Qur'an.,2019-02-14T21:10:10+00:00,2019-02-13T16:23:00+00:00,2019-02-14T01:27:22+00:00
muslimworld,6927,0032/ms_or_173,32,TEI,Ziyarat-i `Ashura'.,2019-02-14T21:10:10+00:00,2019-02-13T16:11:09+00:00,2019-02-14T01:27:22+00:00
muslimworld,6929,0032/ms_or_178,32,TEI,Devotional book.,2019-02-14T21:10:10+00:00,2019-02-13T16:52:09+00:00,2019-02-14T01:27:22+00:00
muslimworld,6930,0032/ms_or_179,32,TEI,al-Qur'an.,2019-02-14T21:10:10+00:00,2019-02-13T18:56:05+00:00,2019-02-14T01:27:22+00:00
muslimworld,6931,0032/ms_or_186,32,TEI,al-Qur'an.,2019-02-14T21:10:10+00:00,2019-02-13T19:08:10+00:00,2019-02-14T01:27:22+00:00
muslimworld,6932,0032/ms_or_203,32,TEI,Devotional book.,2019-02-14T21:10:10+00:00,2019-02-13T20:14:50+00:00,2019-02-14T01:27:22+00:00
muslimworld,6933,0032/ms_or_206,32,TEI,al-Qur'an.,2019-02-14T21:10:10+00:00,2019-02-13T20:21:57+00:00,2019-02-14T01:27:22+00:00
muslimworld,6934,0032/ms_or_209,32,TEI,al-Sahifah al-kamilah.,2019-02-14T21:10:10+00:00,2019-02-13T20:38:07+00:00,2019-02-14T01:27:22+00:00
muslimworld,6935,0032/ms_or_217,32,TEI,Dala'il al-khayrat wa-shawariq al-anwar fi dhikr al-salah `ala al-nabi al-mukhtar ... .,2019-02-14T21:10:10+00:00,2019-02-13T21:03:53+00:00,2019-02-14T01:27:22+00:00
muslimworld,6937,0032/ms_or_222,32,TEI,al-Qur'an.,2019-02-18T14:38:16+00:00,2019-02-14T16:15:20+00:00,2019-02-15T01:03:18+00:00
muslimworld,6938,0032/ms_or_229,32,TEI,Dala'il al-khayrat wa shawariq al-anwar fi dhikr al-salah `ala al-nabi al-mukhtar.,2019-02-18T14:38:16+00:00,2019-02-14T16:38:32+00:00,2019-02-15T01:03:18+00:00
muslimworld,6939,0032/ms_or_230,32,TEI,al-Qur'an.,2019-02-18T14:38:16+00:00,2019-02-14T18:01:31+00:00,2019-02-15T01:03:18+00:00
muslimworld,6940,0032/ms_or_234,32,TEI,al-Qur'an.,2019-02-18T14:38:16+00:00,2019-02-14T19:00:21+00:00,2019-02-15T01:03:18+00:00
muslimworld,6941,0032/ms_or_237,32,TEI,al-Juz' al-thalith `ashar.,2019-02-18T14:38:16+00:00,2019-02-14T20:09:50+00:00,2019-02-15T01:03:19+00:00
muslimworld,6942,0032/ms_or_238,32,TEI,Qur'an leaves.,2019-02-18T14:38:16+00:00,2019-02-14T20:19:07+00:00,2019-02-15T01:03:19+00:00
muslimworld,6943,0032/ms_or_239,32,TEI,al-Juz' al-khamis.,2019-02-18T14:38:16+00:00,2019-02-14T20:23:55+00:00,2019-02-15T01:03:19+00:00
muslimworld,6944,0032/ms_or_240,32,TEI,al-Juz' al-`ishrun.,2019-02-18T14:38:16+00:00,2019-02-14T20:29:49+00:00,2019-02-15T01:03:19+00:00
muslimworld,6945,0032/ms_or_242,32,TEI,al-Juz' al-thani wa-al-`ishrun.,2019-02-18T14:38:16+00:00,2019-02-14T20:51:05+00:00,2019-02-15T01:03:19+00:00
muslimworld,6947,0032/ms_or_248,32,TEI,al-Qur'an.,2019-02-18T14:38:16+00:00,2019-02-14T21:16:42+00:00,2019-02-15T01:03:19+00:00
muslimworld,6946,0032/ms_or_256,32,TEI,al-Juz' al-khamis `ashar.,2019-02-18T14:38:16+00:00,2019-02-14T21:09:02+00:00,2019-02-15T01:03:19+00:00
muslimworld,6948,0032/ms_or_257,32,TEI,al-Juz' al-hadi `ashar.,2019-02-18T14:38:16+00:00,2019-02-14T21:28:42+00:00,2019-02-15T01:03:19+00:00
muslimworld,6949,0032/ms_or_258,32,TEI,al-Juz' al-`ishrun.,2019-02-18T14:38:16+00:00,2019-02-14T21:44:49+00:00,2019-02-15T01:03:19+00:00
muslimworld,6950,0032/ms_or_260,32,TEI,Ta`liq al-durrah al-Shanawaniyah `ala Sharh al-Ajurrumiyah fi `ilm al-`Arabiyah.,2019-02-18T14:38:17+00:00,2019-02-15T19:32:15+00:00,2019-02-15T23:29:20+00:00
muslimworld,6951,0032/ms_or_261,32,TEI,Dala'il al-khayrat.,2019-02-18T14:38:17+00:00,2019-02-15T20:16:14+00:00,2019-02-15T23:29:21+00:00
muslimworld,6936,0032/ms_or_190,32,TEI,al-Qur'an.,2019-02-18T14:42:43+00:00,2019-02-14T14:41:43+00:00,2019-02-15T01:03:18+00:00
muslimworld,6952,0032/ms_or_269,32,TEI,al-Risalah fi al-usul al-`asharah min al-tasawwuf. Risalat al-Tahdhir.,2019-02-21T14:34:40+00:00,2019-02-18T14:51:34+00:00,2019-02-18T23:52:30+00:00
muslimworld,6964,0032/ms_or_276,32,TEI,Dhakhirat al-Iskandar al-Malik ibn Filiqs Dhi al-Qarnayn.,2019-02-21T14:34:40+00:00,2019-02-18T20:06:44+00:00,2019-02-18T23:52:30+00:00
muslimworld,6953,0032/ms_or_278,32,TEI,al-Abjad.,2019-02-21T14:34:40+00:00,2019-02-18T15:04:53+00:00,2019-02-18T23:52:30+00:00
muslimworld,6954,0032/ms_or_287,32,TEI,Kitab al-ukar.,2019-02-21T14:34:40+00:00,2019-02-18T15:09:00+00:00,2019-02-18T23:52:30+00:00
muslimworld,6955,0032/ms_or_290,32,TEI,Khulasat al-hisab. al-Risalah al-Muhammadiyah.,2019-02-21T14:34:40+00:00,2019-02-18T15:22:08+00:00,2019-02-18T23:52:30+00:00
muslimworld,6959,0032/ms_or_305,32,TEI,Hadhihi risalah fi al-hisab ...,2019-02-21T14:34:40+00:00,2019-02-18T18:24:13+00:00,2019-02-18T23:52:30+00:00
muslimworld,6961,0032/ms_or_310,32,TEI,Kitab Talkhis al-Miftah ...,2019-02-21T14:34:40+00:00,2019-02-18T18:56:46+00:00,2019-02-18T23:52:30+00:00
muslimworld,6962,0032/ms_or_311,32,TEI,Hadha kitab Tuhfah-'i Vahbi Sunbul'zade.,2019-02-21T14:34:40+00:00,2019-02-18T19:12:58+00:00,2019-02-18T23:52:30+00:00
muslimworld,6963,0032/ms_or_355,32,TEI,Kitab nafis yufsahu fihi `an al-lughah al-Turkiyah.,2019-02-21T14:34:40+00:00,2019-02-18T19:29:20+00:00,2019-02-18T23:52:30+00:00
muslimworld,6956,0032/ms_or_292,32,TEI,Kitab Nasim al-saba ...,2019-02-21T14:34:40+00:00,2019-02-18T16:08:19+00:00,2019-02-18T23:52:30+00:00
muslimworld,6957,0032/ms_or_294,32,TEI,Sharh `ala Nuz'hat al-nuzzar fi `ilm al-ghubar.,2019-02-21T14:34:40+00:00,2019-02-18T16:34:55+00:00,2019-02-18T23:52:30+00:00
muslimworld,6960,0032/ms_or_298,32,TEI,Risalah dar hay'at. Sharh-i Risalah dar hay'at.,2019-02-21T14:34:40+00:00,2019-02-18T18:27:42+00:00,2019-02-18T23:52:30+00:00
muslimworld,6965,0032/ms_or_147,32,TEI,Kitab al-qawl al-mubdi` fi sharh al-Muqni`.,2019-02-27T15:18:03+00:00,2019-02-19T14:54:59+00:00,2019-02-19T23:18:02+00:00
muslimworld,6966,0032/ms_or_148,32,TEI,Risalah fi al-hay'ah al-falakiyah.,2019-02-27T15:18:03+00:00,2019-02-19T15:11:25+00:00,2019-02-19T23:18:03+00:00
muslimworld,6971,0001/ljs_422,1,TEI,Haft paykar.,2019-02-27T16:07:00+00:00,2019-02-21T20:26:25+00:00,2020-02-24T15:43:11+00:00
muslimworld,6972,0002/mscodex23,2,TEI,Sharh Mukhtasar `ala Alfiyat Ibn Malik.,2019-02-27T16:07:00+00:00,2019-02-21T21:12:25+00:00,2019-02-22T00:29:01+00:00
muslimworld,6958,0002/mscodex1743,2,TEI,Hadha kitab irshad /,2019-02-27T16:07:00+00:00,2019-02-18T16:46:39+00:00,2019-02-20T23:16:03+00:00
muslimworld,6970,0023/lewis_o_021,23,TEI,al-Qur'an.,2019-02-27T16:25:27+00:00,2019-02-21T20:19:45+00:00,2019-03-15T17:40:05+00:00
muslimworld,6973,0023/lewis_o_031,23,TEI,Qatr al-nada wa-ball al-sada.,2019-02-27T16:25:27+00:00,2019-02-22T18:57:33+00:00,2019-03-18T15:47:11+00:00
muslimworld,6974,0002/mscodex1896,2,TEI,Kanz al-daqa'iq.,2019-02-28T17:09:08+00:00,2019-02-25T15:02:09+00:00,2019-02-26T01:11:24+00:00
muslimworld,6975,0002/mscodex1898,2,TEI,Kitab al-Tawakiz al-muharrarah wa-al-dama'ir al-mustakhbarah.,2019-02-28T17:09:08+00:00,2019-02-25T15:13:14+00:00,2019-02-26T01:11:24+00:00
muslimworld,6983,0002/mscodex1900,2,TEI,al-Tuhfah al-shahiyah fi al-hay'ah.,2019-02-28T17:09:08+00:00,2019-02-27T16:53:05+00:00,2019-02-28T00:22:26+00:00
muslimworld,6984,0002/mscodex1912,2,TEI,Bhagavatapurana.,2019-02-28T17:09:08+00:00,2019-02-27T19:09:59+00:00,2019-02-28T00:22:26+00:00
muslimworld,6987,0002/mscodex1913,2,TEI,al-Risalah al-damighah lil-fasiq... etc..,2019-02-28T17:09:09+00:00,2019-02-27T20:43:41+00:00,2019-02-28T00:22:26+00:00
muslimworld,6988,0002/mscodex1951,2,TEI,Irshad al-sari.,2019-03-05T15:07:04+00:00,2019-02-28T14:20:03+00:00,2019-03-01T00:21:08+00:00
muslimworld,6994,0002/mscodex1963,2,TEI,Hall al-tilsam wa-kashf al-sirr al-mubham,2019-03-05T15:07:05+00:00,2019-03-04T16:20:22+00:00,2019-03-04T23:21:48+00:00
muslimworld,6997,0002/mscodex1962,2,TEI,Hashiyah `ala Sharh al-Sa`d `ala al-`Aqa'id al-Nasafiyah.,2019-03-06T16:36:40+00:00,2019-03-05T15:16:07+00:00,2019-03-05T23:51:56+00:00
muslimworld,7000,0002/mscodex1964,2,TEI,Questions and answers on Shi`i religious philosophy and practice.,2019-03-06T16:36:40+00:00,2019-03-05T16:57:49+00:00,2019-03-05T23:51:56+00:00
muslimworld,7007,0002/mscodex24,2,TEI,al-Juz' al-thalathun.,2019-03-13T18:32:59+00:00,2019-03-11T17:25:03+00:00,2019-03-11T23:08:53+00:00
muslimworld,7011,0002/mscodex42,2,TEI,Kafiyat al-talib al-rabbani li-Risalat Ibn Abi Zayd al-Qayrawani. Fath al-mannan `ala nazm mawrid al-zam'an.,2019-03-13T18:32:59+00:00,2019-03-11T18:52:59+00:00,2019-03-12T22:36:32+00:00
muslimworld,7009,0002/mscodex44,2,TEI,Dala'il al-khayrat... etc..,2019-03-13T18:32:59+00:00,2019-03-11T18:45:53+00:00,2019-03-11T23:08:53+00:00
muslimworld,7012,0002/mscodex1892,2,TEI,Abridged history of Arab dynasties.,2019-03-13T18:32:59+00:00,2019-03-11T19:31:02+00:00,2019-03-11T23:08:53+00:00
muslimworld,7013,0002/mscodex1893,2,TEI,al-Fath al-zahir wa-al-nasr al-bahir fi fann ramy al-tub wa-al-qunburah.,2019-03-13T18:32:59+00:00,2019-03-11T20:02:56+00:00,2019-03-11T23:08:53+00:00
muslimworld,7014,0002/mscodex1894,2,TEI,Dala'il al-khayrat wa shawariq al-anwar fi dhikr al-salawat `ala al-nabi al-mukhtar.,2019-03-13T18:32:59+00:00,2019-03-11T20:39:32+00:00,2019-03-11T23:08:53+00:00
muslimworld,7015,0002/mscodex1895,2,TEI,Kalimat `arabiyah `ala tartib huruf al-tahajji.,2019-03-18T19:11:11+00:00,2019-03-13T14:59:12+00:00,2019-03-13T23:47:38+00:00
muslimworld,7018,0002/mscodex1899,2,TEI,Munsha'at-i Hazrat-i Nabi Afandi,2019-03-18T19:11:12+00:00,2019-03-13T16:05:47+00:00,2019-03-13T23:47:39+00:00
muslimworld,7019,0002/mscodex1901,2,TEI,al-Qur'an.,2019-03-18T19:11:12+00:00,2019-03-13T17:39:58+00:00,2019-03-13T23:47:39+00:00
muslimworld,7020,0002/mscodex1902,2,TEI,Devotional book.,2019-03-18T19:11:12+00:00,2019-03-13T17:56:19+00:00,2019-03-13T23:47:39+00:00
muslimworld,7021,0002/mscodex1903,2,TEI,al-Qur'an.,2019-03-18T19:11:14+00:00,2019-03-13T18:17:07+00:00,2019-03-13T23:47:39+00:00
muslimworld,7022,0002/mscodex1904,2,TEI,al-Qur'an,2019-03-18T19:11:14+00:00,2019-03-13T18:59:26+00:00,2019-03-13T23:47:39+00:00
muslimworld,7025,0002/mscodex1907,2,TEI,al-Qur'an.,2019-03-18T19:11:14+00:00,2019-03-14T15:20:38+00:00,2019-03-14T23:39:00+00:00
muslimworld,7027,0002/mscodex1909,2,TEI,al-Qur'an.,2019-03-18T19:11:14+00:00,2019-03-14T16:44:54+00:00,2019-03-14T23:39:01+00:00
muslimworld,7028,0002/mscodex1910,2,TEI,Dala'il al-khayrat wa shawariq al-anwar fi dhikr al-salah `ala al-nabi al-mukhtar.,2019-03-18T19:11:14+00:00,2019-03-14T17:21:16+00:00,2019-03-14T23:39:01+00:00
muslimworld,7031,0002/mscodex1914,2,TEI,Sharh al-muqaddimah al-Qurtubiyah... etc.,2019-03-18T19:11:14+00:00,2019-03-14T18:40:04+00:00,2019-03-14T23:39:01+00:00
muslimworld,7029,0023/lewis_o_005,23,TEI,al-Qur'an.,2019-03-27T14:09:11+00:00,2019-03-14T17:48:00+00:00,2019-03-26T17:42:06+00:00
muslimworld,7048,0023/lewis_o_037,23,TEI,Genealogical tables.,2019-03-27T14:09:11+00:00,2019-03-26T18:18:22+00:00,2019-03-26T22:42:09+00:00
muslimworld,7034,0023/lewis_o_058,23,TEI,Shah'namah.,2019-03-27T14:09:11+00:00,2019-03-18T17:02:39+00:00,2019-03-20T00:40:55+00:00
muslimworld,7035,0002/mscodex1915,2,TEI,Nataj al-fikr fi kashf asrar al-Mukhtasar.,2019-03-27T14:09:11+00:00,2019-03-18T17:23:03+00:00,2019-03-18T23:54:42+00:00
muslimworld,7036,0002/mscodex1916,2,TEI,Sharh Mukhtasar `ala Alfiyat Ibn Malik.,2019-03-27T14:09:11+00:00,2019-03-18T18:14:31+00:00,2019-03-18T23:54:42+00:00
muslimworld,7037,0002/mscodex1917,2,TEI,al-Qur'an.,2019-03-27T14:09:11+00:00,2019-03-18T20:16:00+00:00,2019-03-18T23:54:42+00:00
muslimworld,6969,0031/2017_232_1,31,TEI,al-Qur'an. / lqran,2019-03-28T14:03:12+00:00,2019-02-21T19:14:53+00:00,2020-04-08T13:09:14+00:00
muslimworld,7049,0023/lewis_o_003,23,TEI,al-Qur'an.,2019-03-28T14:03:12+00:00,2019-03-27T15:15:45+00:00,2019-03-27T23:34:30+00:00
muslimworld,7050,0002/mscodex1918,2,TEI,Sirr al-asrar fi `ilm al-athar ; Shamsiyah fi al-kashf `an ma awda` fi al-Jadawil al-zahriyah.,2019-04-01T17:51:32+00:00,2019-03-27T20:12:02+00:00,2019-03-27T23:34:30+00:00
muslimworld,7052,0002/mscodex1952,2,TEI,Khamsah.,2019-04-01T17:51:32+00:00,2019-03-28T13:39:44+00:00,2019-03-29T00:15:04+00:00
muslimworld,7053,0002/mscodex1958,2,TEI,Insha-yi Madhava Rama. Insha-yi Dilkusha.,2019-04-01T17:51:32+00:00,2019-03-28T13:43:15+00:00,2019-03-29T00:15:04+00:00
muslimworld,7054,0002/mscodex1959,2,TEI,Miftah al-Falah.,2019-04-01T17:51:32+00:00,2019-03-28T14:04:42+00:00,2019-03-29T00:15:04+00:00
muslimworld,7057,0002/mscodex1961,2,TEI,Jihat al-wahdah.,2019-04-01T17:51:32+00:00,2019-03-28T16:04:30+00:00,2019-03-29T00:15:04+00:00
muslimworld,7055,0023/lewis_o_018,23,TEI,al-Qur'an.,2019-04-01T17:51:32+00:00,2019-03-28T14:36:53+00:00,2019-03-29T00:15:04+00:00
muslimworld,7069,0023/lewis_o_007,23,TEI,al-Qur'an.,2019-04-04T17:23:41+00:00,2019-04-01T17:10:31+00:00,2019-04-03T00:00:19+00:00
muslimworld,7068,0023/lewis_o_009,23,TEI,al-Qur'an.,2019-04-04T17:23:41+00:00,2019-04-01T16:24:10+00:00,2019-04-02T00:27:50+00:00
muslimworld,7070,0023/lewis_o_010,23,TEI,al-Qur'an.,2019-04-04T17:23:41+00:00,2019-04-01T17:50:18+00:00,2019-04-02T00:27:50+00:00
muslimworld,7095,0023/lewis_o_012,23,TEI,al-Qur'an.,2019-04-04T17:23:42+00:00,2019-04-03T15:28:13+00:00,2019-04-03T23:33:49+00:00
muslimworld,7097,0002/msroll1965,2,TEI,al-Qur'an.,2019-04-04T17:23:42+00:00,2019-04-03T19:20:27+00:00,2019-04-03T23:33:49+00:00
muslimworld,7098,0002/misc_mss_box24_fldr3,2,TEI,Selections from commentaries on Alfiyat Ibn Malik.,2019-04-04T17:23:42+00:00,2019-04-03T19:29:10+00:00,2019-04-03T23:33:49+00:00
muslimworld,7099,0002/misc_mss_box24_fldr4,2,TEI,Qur'an leaves.,2019-04-04T17:23:42+00:00,2019-04-03T19:31:26+00:00,2019-04-03T23:33:50+00:00
muslimworld,7103,0002/mscodex43,2,TEI,Manhaj al-`ilm wa-al-bayan wa-nuzhat al-sam` wa-al-a`yan.,2019-04-08T19:08:55+00:00,2019-04-04T15:05:36+00:00,2019-04-05T00:10:07+00:00
muslimworld,7106,0023/lewis_o_015,23,TEI,al-Qur'an.,2019-04-08T19:08:55+00:00,2019-04-04T17:15:10+00:00,2019-04-05T00:10:07+00:00
muslimworld,7105,0023/lewis_o_017,23,TEI,al-Qur'an.,2019-04-08T19:08:55+00:00,2019-04-04T17:14:01+00:00,2019-04-06T00:03:19+00:00
muslimworld,7104,0023/lewis_o_019,23,TEI,Selections from the Qur'an.,2019-04-08T19:08:55+00:00,2019-04-04T17:06:57+00:00,2020-04-08T15:10:32+00:00
muslimworld,7122,0023/lewis_o_020,23,TEI,al-Juz' al-sabi` wa-al-`ishrun.,2019-04-11T18:28:48+00:00,2019-04-08T16:15:41+00:00,2020-04-08T15:18:05+00:00
muslimworld,7170,0023/lewis_o_024,23,TEI,Hadhihi muqaddimah fima `ala qari'ih.,2019-04-11T18:28:48+00:00,2019-04-10T18:31:36+00:00,2019-04-10T23:35:17+00:00
muslimworld,7133,0023/lewis_o_027,23,TEI,Dala'il al-khayrat wa shawariq al-anwar fi dhikr al-salawat `ala al-nabi al-mukhtar.,2019-04-11T18:28:48+00:00,2019-04-08T18:35:26+00:00,2019-04-08T22:27:29+00:00
muslimworld,7132,0023/lewis_o_028,23,TEI,Dala'il al-khayrat wa shawariq al-anwar fi dhikr al-salah `ala al-nabi al-mukhtar.,2019-04-11T18:28:48+00:00,2019-04-08T18:34:38+00:00,2019-04-08T22:27:29+00:00
muslimworld,7135,0032/ms_or_272,32,TEI,Layli va Majnun.,2019-04-11T18:28:48+00:00,2019-04-08T20:02:55+00:00,2019-04-08T22:27:29+00:00
muslimworld,7156,0032/ms_or_319,32,TEI,al-Qur'an.,2019-04-11T18:28:48+00:00,2019-04-10T13:23:50+00:00,2019-04-10T23:35:17+00:00
muslimworld,7159,0032/ms_or_325,32,TEI,Risalah dar hay'at.,2019-04-11T18:28:48+00:00,2019-04-10T14:05:14+00:00,2019-04-10T23:35:17+00:00
muslimworld,7157,0032/ms_or_327,32,TEI,Qur'an leaves.,2019-04-11T18:28:49+00:00,2019-04-10T14:03:17+00:00,2019-04-10T23:35:17+00:00
muslimworld,7158,0032/ms_or_329,32,TEI,Sharh Khulasat al-hisab.,2019-04-11T18:28:49+00:00,2019-04-10T14:03:37+00:00,2019-04-10T23:35:17+00:00
muslimworld,7175,0002/mscodex40,2,TEI,al-Fath al-rabbani fima dhahala `anhu al-Zurqani.,2019-04-11T18:28:49+00:00,2019-04-10T20:02:59+00:00,2019-04-10T23:35:17+00:00
muslimworld,7185,0032/ms_or_318,32,TEI,al-Qur'an.,2019-04-15T15:05:33+00:00,2019-04-11T18:11:00+00:00,2019-04-11T23:49:48+00:00
muslimworld,7187,0002/mscodex1911,2,TEI,al-Hawd. Bahr al-dumu`.,2019-04-15T15:05:33+00:00,2019-04-11T20:25:56+00:00,2019-04-13T01:15:00+00:00
muslimworld,7189,0023/lewis_o_002,23,TEI,al-Qur'an.,2019-04-15T15:05:33+00:00,2019-04-12T13:56:39+00:00,2020-04-03T13:49:33+00:00
muslimworld,7190,0023/lewis_o_016,23,TEI,al-Qur'an.,2019-04-15T15:05:33+00:00,2019-04-12T13:57:43+00:00,2019-04-13T01:15:00+00:00
muslimworld,7191,0023/lewis_o_030,23,TEI,Multaqa al-abhur.,2019-04-15T15:05:33+00:00,2019-04-12T14:44:59+00:00,2019-04-13T01:15:00+00:00
muslimworld,7197,0023/lewis_o_025,23,TEI,Devotional Book.,2019-04-15T15:05:33+00:00,2019-04-12T16:29:44+00:00,2019-04-13T01:15:00+00:00
muslimworld,7193,0002/mscodex1897,2,TEI,al-Qur'an.,2019-04-15T15:05:33+00:00,2019-04-12T14:46:56+00:00,2019-04-13T01:15:00+00:00
muslimworld,7194,0002/mscodex41,2,TEI,Tahrir al-qawa`id al-mantiqiyah fi sharh al-Risalah al-Shamsiyah.,2019-04-15T15:05:33+00:00,2019-04-12T15:25:56+00:00,2019-04-13T01:15:00+00:00
muslimworld,7204,0032/ms_or_307,32,TEI,Kitab fi sharh al-Mulakhkhas ...,2019-04-17T13:39:58+00:00,2019-04-15T14:22:42+00:00,2019-04-16T00:33:36+00:00
muslimworld,7207,0023/lewis_o_040,23,TEI,Nuz'hat al-arvah.,2019-04-17T13:39:58+00:00,2019-04-15T14:55:16+00:00,2019-04-16T00:33:37+00:00
muslimworld,7206,0023/lewis_o_029,23,TEI,Ajbiyah. al-Salam la-ki ya Maryam.,2019-04-17T13:39:58+00:00,2019-04-15T14:46:13+00:00,2019-04-16T00:33:37+00:00
muslimworld,7205,0023/lewis_o_026,23,TEI,Dala'il al-khayrat wa shawariq al-anwar fi dhikr al-salawat `ala al-nabi al-mukhtar.,2019-04-17T13:39:58+00:00,2019-04-15T14:35:07+00:00,2019-04-16T00:33:37+00:00
muslimworld,7212,0023/lewis_o_051,23,TEI,Shahnamah.,2019-04-17T13:39:58+00:00,2019-04-15T17:46:10+00:00,2019-04-16T23:47:22+00:00
muslimworld,7209,0023/lewis_o_056,23,TEI,Shahnamah.,2019-04-17T13:39:58+00:00,2019-04-15T17:14:37+00:00,2019-04-16T00:33:37+00:00
muslimworld,7208,0023/lewis_o_061,23,TEI,Pand-i `Attar.,2019-04-17T13:39:58+00:00,2019-04-15T16:19:17+00:00,2019-04-16T00:33:37+00:00
muslimworld,7210,0023/lewis_o_072,23,TEI,Gulistan.,2019-04-17T13:39:58+00:00,2019-04-15T17:27:17+00:00,2019-04-16T00:33:37+00:00
muslimworld,7211,0023/lewis_o_085,23,TEI,Divan-i Visal.,2019-04-17T13:39:58+00:00,2019-04-15T17:45:49+00:00,2019-04-16T00:33:37+00:00
muslimworld,7213,0023/lewis_o_088,23,TEI,Haza ruzname-yi Darendevi.,2019-04-17T13:39:58+00:00,2019-04-15T17:54:12+00:00,2019-04-16T00:33:37+00:00
muslimworld,7215,0023/lewis_o_093,23,TEI,Tarikh-i Salaniki.,2019-04-17T13:39:58+00:00,2019-04-15T19:35:49+00:00,2019-04-16T23:47:22+00:00
muslimworld,7214,0023/lewis_o_100,23,TEI,Majmu`ah-'i Bhagat Mal.,2019-04-17T13:39:58+00:00,2019-04-15T18:51:22+00:00,2019-04-16T00:33:37+00:00
muslimworld,7219,0023/lewis_o_008,23,TEI,al-Qur'an.,2019-04-18T13:38:45+00:00,2019-04-17T16:13:27+00:00,2019-11-06T16:52:57+00:00
muslimworld,7220,0023/lewis_o_033,23,TEI,Majmu`ah.,2019-04-18T13:38:45+00:00,2019-04-17T16:29:43+00:00,2019-04-17T21:00:36+00:00
muslimworld,7221,0002/msroll1906,2,TEI,Haza ruzname-yi Darendevi.,2019-04-18T13:38:45+00:00,2019-04-17T18:07:43+00:00,2019-04-17T21:00:36+00:00
muslimworld,7243,0023/lewis_o_011,23,TEI,al-Qur'an.,2019-04-24T18:13:54+00:00,2019-04-18T13:15:22+00:00,2019-04-20T00:07:56+00:00
muslimworld,7244,0023/lewis_o_023,23,TEI,Mukhtasar Anwar al-tanzil wa-asrar al-ta'wil.,2019-04-24T18:13:54+00:00,2019-04-18T13:16:58+00:00,2020-04-08T14:24:45+00:00
muslimworld,7254,0032/ms_or_285,32,TEI,Collection of works on astronomy and astronomical instruments,2019-04-25T15:24:51+00:00,2019-04-24T19:27:07+00:00,2019-04-24T23:07:05+00:00
muslimworld,7256,0032/ms_or_306,32,TEI,Kitab al-mutawassitat.,2019-04-25T15:24:51+00:00,2019-04-24T19:54:31+00:00,2019-04-24T23:07:05+00:00
muslimworld,7257,0032/ms_or_321,32,TEI,Aghaz-i kitab-i Visparad ba ma`ni-i Farsi tarjumah kardah minavisam.,2019-04-25T15:24:51+00:00,2019-04-24T19:55:03+00:00,2019-04-24T23:07:05+00:00
muslimworld,7255,0032/ms_or_330,32,TEI,al-Qur'an,2019-04-25T15:24:51+00:00,2019-04-24T19:31:15+00:00,2019-04-24T23:07:05+00:00
muslimworld,7259,0032/ms_or_344,32,TEI,Ruba`iyat-i `Umar Khayyam.,2019-04-25T15:24:51+00:00,2019-04-24T20:06:16+00:00,2019-04-24T23:07:05+00:00
muslimworld,7260,0032/ms_or_254,32,TEI,Jami` al-sahih.,2019-04-26T13:45:15+00:00,2019-04-25T13:32:10+00:00,2019-04-26T01:20:35+00:00
muslimworld,7264,0032/ms_or_357,32,TEI,Kitab sharh al-Jurrumiyah.,2019-04-26T13:45:15+00:00,2019-04-25T14:02:32+00:00,2019-04-26T01:20:35+00:00
muslimworld,7263,0032/ms_or_359,32,TEI,Collection of works on Arabic grammar.,2019-04-26T13:45:15+00:00,2019-04-25T14:02:03+00:00,2019-04-26T01:20:35+00:00
muslimworld,7262,0032/ms_or_365,32,TEI,Mukhtasar al-ma`ani fi al-balaghah.,2019-04-26T13:45:15+00:00,2019-04-25T14:01:34+00:00,2019-04-26T01:20:35+00:00
muslimworld,7261,0032/ms_or_366,32,TEI,Kitab fi masa'il fiqhiyah.,2019-04-26T13:45:15+00:00,2019-04-25T14:00:54+00:00,2019-04-26T01:20:35+00:00
muslimworld,7265,0032/ms_or_369,32,TEI,al-`Aqibah fi dhikr al-mawt.,2019-04-26T13:45:15+00:00,2019-04-25T15:05:19+00:00,2019-04-26T01:20:35+00:00
muslimworld,7266,0032/ms_or_372,32,TEI,Vasiyyet.,2019-04-26T13:45:15+00:00,2019-04-25T15:06:01+00:00,2019-04-26T01:20:35+00:00
muslimworld,9186,0032/ms_or_051,32,TEI,Sharh-i bist bab.,2019-07-29T18:04:44+00:00,2019-07-26T18:06:04+00:00,2019-07-26T23:18:26+00:00
muslimworld,9187,0032/ms_or_074,32,TEI,Divan.,2019-07-29T18:04:45+00:00,2019-07-26T18:24:25+00:00,2019-07-26T23:18:26+00:00
muslimworld,9188,0032/ms_or_271,32,TEI,al-Qur'an.,2019-07-29T18:04:45+00:00,2019-07-26T18:27:04+00:00,2019-07-26T23:18:26+00:00
muslimworld,9189,0032/ms_or_341,32,TEI,Qur'an folio.,2019-07-29T18:04:45+00:00,2019-07-26T18:32:29+00:00,2019-07-26T23:18:26+00:00
muslimworld,9190,0032/ms_or_358,32,TEI,Majmu`ah.,2019-07-29T18:04:45+00:00,2019-07-26T18:46:16+00:00,2019-07-26T23:18:26+00:00
muslimworld,9191,0032/ms_or_361,32,TEI,Tuhfe-yi Sahidi.,2019-07-29T18:04:45+00:00,2019-07-26T19:38:41+00:00,2019-07-26T23:18:26+00:00
muslimworld,9192,0032/ms_or_367,32,TEI,Fath al-qarib al-mujib fi sharh alfaz al-Taqrib.,2019-07-29T18:04:45+00:00,2019-07-26T19:48:34+00:00,2019-07-26T23:18:26+00:00
muslimworld,9194,0032/ms_or_368,32,TEI,Khamsah.,2019-07-29T18:04:45+00:00,2019-07-26T20:25:53+00:00,2019-07-26T23:18:26+00:00
muslimworld,9193,0032/ms_or_379,32,TEI,Questions and answers on Christianity.,2019-07-29T18:04:45+00:00,2019-07-26T20:25:03+00:00,2019-07-26T23:18:26+00:00
muslimworld,9195,0032/ms_or_374,32,TEI,Bahar-i danish.,2019-08-02T14:08:39+00:00,2019-07-29T13:36:10+00:00,2019-07-30T01:13:18+00:00
muslimworld,9196,0032/ms_or_383,32,TEI,Hadhihi Fawa'id mutanawwi`at al-mawa'id.,2019-08-02T14:08:39+00:00,2019-07-29T14:10:04+00:00,2019-07-30T01:13:18+00:00
muslimworld,9198,0032/ms_or_385,32,TEI,Tuhfat al-`irfan.,2019-08-02T14:08:39+00:00,2019-07-29T14:27:21+00:00,2019-07-30T01:13:18+00:00
muslimworld,9197,0032/ms_or_386,32,TEI,Kitab Badi` al-ma`ani fi sharh `Aqidat al-Shaybani.,2019-08-02T14:08:39+00:00,2019-07-29T14:17:12+00:00,2019-07-30T01:13:18+00:00
muslimworld,9200,0032/ms_or_388,32,TEI,Kitab Diwan Misr.,2019-08-02T14:08:39+00:00,2019-07-29T15:00:03+00:00,2019-07-30T01:13:18+00:00
muslimworld,9199,0032/ms_or_389,32,TEI,Hadha hijab `azim al-sha'n wa-al-burhan.,2019-08-02T14:08:39+00:00,2019-07-29T14:59:49+00:00,2019-07-30T01:13:18+00:00
muslimworld,9201,0032/ms_or_390,32,TEI,Badr al-tali` fi hall Jam` al-jawami`,2019-08-02T14:08:39+00:00,2019-07-29T15:05:20+00:00,2019-07-30T01:13:19+00:00
muslimworld,9202,0032/ms_or_396,32,TEI,Coptic-Arabic glossary.,2019-08-02T14:08:39+00:00,2019-07-29T15:36:02+00:00,2019-07-30T01:13:19+00:00
muslimworld,9203,0032/ms_or_416,32,TEI,al-Qur'an.,2019-08-02T14:08:39+00:00,2019-07-29T16:12:13+00:00,2019-07-30T01:13:19+00:00
muslimworld,9204,0032/ms_or_418,32,TEI,al-Qur'an.,2019-08-02T14:08:39+00:00,2019-07-29T16:18:01+00:00,2019-07-30T01:13:19+00:00
muslimworld,9205,0032/ms_or_515,32,TEI,al-Risalah.,2019-08-02T14:08:39+00:00,2019-07-29T17:31:08+00:00,2019-07-30T01:13:19+00:00
muslimworld,9206,0032/X892_8_B472,32,TEI,Anvar-i Suhayli.,2019-08-02T14:08:39+00:00,2019-07-29T18:22:43+00:00,2019-07-30T23:28:50+00:00
muslimworld,9208,0032/X892_8_C68,32,TEI,Collection of Persian poetry and stories.,2019-08-02T14:08:39+00:00,2019-07-29T18:53:18+00:00,2019-07-30T23:28:50+00:00
muslimworld,9207,0032/X892_8_M31,32,TEI,Persian calligraphy and illustration album.,2019-08-02T14:08:39+00:00,2019-07-29T18:51:13+00:00,2019-07-30T01:13:19+00:00
muslimworld,9211,0032/X892_8_N651,32,TEI,Khamsah.,2019-08-02T14:08:40+00:00,2019-07-29T20:37:55+00:00,2019-07-30T23:28:50+00:00
muslimworld,9213,0032/X892_8_Q1_Q,32,TEI,Hadha kitab qisas al-anbiya'.,2019-08-02T14:08:40+00:00,2019-07-29T20:39:10+00:00,2019-07-30T23:28:50+00:00
muslimworld,9209,0032/X893_7_H22,32,TEI,al-Maqamat.,2019-08-02T14:08:40+00:00,2019-07-29T19:40:25+00:00,2019-07-30T23:28:50+00:00
muslimworld,9212,0032/X893_7_Ib66,32,TEI,al-Juz'... min kitab Tarikh madinat Dimashq.,2019-08-02T14:08:40+00:00,2019-07-29T20:38:24+00:00,2019-07-30T23:28:50+00:00
muslimworld,9210,0032/X893_7_Is1,32,TEI,al-Sahm al-musib fi kabid al-Khatib.,2019-08-02T14:08:40+00:00,2019-07-29T20:11:31+00:00,2019-07-30T23:28:50+00:00
muslimworld,9214,0023/lewis_o_036,23,TEI,Astronomical charts for Fath-`Ali Shah Qajar.,2019-08-05T13:27:26+00:00,2019-08-02T14:25:57+00:00,2019-08-03T00:12:14+00:00
muslimworld,9215,0023/lewis_o_042,23,TEI,Vaqfnamah-'i Shah Sultan Husayn Safavi.,2019-08-05T13:27:26+00:00,2019-08-02T14:29:12+00:00,2019-08-03T00:12:14+00:00
muslimworld,9218,0023/lewis_o_043,23,TEI,Timurnamah.,2019-08-05T13:27:26+00:00,2019-08-02T15:31:33+00:00,2019-08-03T00:12:14+00:00
muslimworld,9220,0023/lewis_o_044,23,TEI,Iqbalnamah-'i Jahangiri.,2019-08-05T13:27:26+00:00,2019-08-02T18:07:32+00:00,2019-08-03T23:41:55+00:00
muslimworld,9216,0023/lewis_o_045,23,TEI,Tarikh-i ilahi hazrat Akbar padishah.,2019-08-05T13:27:26+00:00,2019-08-02T15:01:32+00:00,2019-08-03T00:12:14+00:00
muslimworld,9217,0023/lewis_o_047,23,TEI,Tarikh-i Kashmir.,2019-08-05T13:27:26+00:00,2019-08-02T15:31:17+00:00,2020-04-22T13:10:59+00:00
muslimworld,9219,0023/lewis_o_048,23,TEI,Hishmat-i Kashmir.,2019-08-05T13:27:26+00:00,2019-08-02T17:18:26+00:00,2019-08-03T00:12:14+00:00
muslimworld,9225,0023/lewis_o_063,23,TEI,Khamsah.,2019-08-05T13:27:26+00:00,2019-08-02T19:54:31+00:00,2019-08-03T23:41:55+00:00
muslimworld,9221,0023/lewis_o_070,23,TEI,Bustan.,2019-08-05T13:27:26+00:00,2019-08-02T18:19:50+00:00,2019-08-03T00:12:15+00:00
muslimworld,9222,0023/lewis_o_076,23,TEI,Divan-i Hafiz.,2019-08-05T13:27:26+00:00,2019-08-02T18:20:14+00:00,2019-08-03T00:12:15+00:00
muslimworld,9223,0023/lewis_o_082,23,TEI,Futuh al-Haramayn.,2019-08-05T13:27:26+00:00,2019-08-02T18:51:38+00:00,2019-08-03T00:12:15+00:00
muslimworld,9226,0023/lewis_o_126,23,TEI,Coptic hymns and prayers.,2019-08-05T13:27:26+00:00,2019-08-02T20:32:54+00:00,2019-08-03T23:41:55+00:00
muslimworld,9224,0023/lewis_o_170,23,TEI,Hikayat ashab al-kahf.,2019-08-05T13:27:26+00:00,2019-08-02T19:24:08+00:00,2019-08-03T00:12:15+00:00
muslimworld,9227,0023/lewis_o_050,23,TEI,Shahnamah.,2019-08-05T13:30:49+00:00,2019-08-05T13:17:04+00:00,2019-08-05T23:17:16+00:00
muslimworld,9230,0016/29_201_709,16,TEI,Sharh Qasidat al-Burdah,2019-08-09T20:01:41+00:00,2019-08-06T20:18:25+00:00,2019-12-06T19:45:47+00:00
muslimworld,9242,0016/29_201_710,16,TEI,al-Durr al-nafis fi uns al-za`in wa-al-jalis,2019-08-09T20:01:41+00:00,2019-08-08T15:06:37+00:00,2019-12-06T19:45:53+00:00
muslimworld,9251,0032/ms_or_050,32,TEI,Bughyat al-tullab fi sharh Munyat al-hussab.,2019-08-12T13:22:12+00:00,2019-08-09T20:26:17+00:00,2019-08-09T22:32:52+00:00
muslimworld,9254,0002/mscodex25,2,TEI,Tanbih al-ghafilin wa-idah sabil al-murshidin.,2019-08-16T19:10:54+00:00,2019-08-12T13:09:10+00:00,2019-08-12T22:59:38+00:00
muslimworld,9255,0002/mscodex28,2,TEI,Tarjumah-'i khutab-i arba`in.,2019-08-16T19:10:54+00:00,2019-08-12T13:09:34+00:00,2019-08-12T22:59:38+00:00
muslimworld,9343,0016/29_201_705,16,TEI,Kitab al-barakah,2019-08-29T16:06:53+00:00,2019-08-26T19:11:16+00:00,2019-12-06T19:45:24+00:00
muslimworld,9344,0016/29_201_707,16,TEI,Idah al-asrar al-masunah fi al-jawahir al-maknunah fi sadaf al-fara'id al-masnunah,2019-08-29T16:06:53+00:00,2019-08-26T20:46:21+00:00,2019-12-06T19:45:37+00:00
muslimworld,9346,0016/29_201_708,16,TEI,Majmu`ah,2019-08-29T16:06:53+00:00,2019-08-27T13:59:20+00:00,2019-12-06T19:45:42+00:00
muslimworld,9347,0016/29_201_711,16,TEI,Mukhtasar al-Sa`d,2019-08-29T16:06:53+00:00,2019-08-27T15:48:23+00:00,2019-12-06T19:45:59+00:00
muslimworld,9348,0016/73_14_1,16,TEI,al-Qur'an,2019-08-29T16:06:53+00:00,2019-08-27T18:00:07+00:00,2019-12-06T19:46:06+00:00
muslimworld,9349,0016/94_18_1,16,TEI,al-Sahifah al-Sajjadiyah,2019-08-29T16:06:53+00:00,2019-08-27T18:32:23+00:00,2019-12-06T19:46:11+00:00
muslimworld,9350,0016/2003_82_443,16,TEI,Leaf from the Maqamat of al-Hariri,2019-08-29T16:06:53+00:00,2019-08-27T18:37:35+00:00,2019-12-06T19:45:03+00:00
muslimworld,9351,0016/2003_82_445,16,TEI,Devotional book,2019-08-29T16:06:53+00:00,2019-08-27T19:56:37+00:00,2019-12-06T19:45:08+00:00
muslimworld,9352,0016/2006_24_1,16,TEI,Hamlah-'i Haydari,2019-08-29T16:06:53+00:00,2019-08-27T20:01:55+00:00,2019-12-06T19:45:13+00:00
muslimworld,9353,0016/2006_24_2,16,TEI,Two bifolia with selections from Sa`di's poetry,2019-08-29T16:06:53+00:00,2019-08-27T20:06:38+00:00,2019-12-06T19:45:19+00:00
muslimworld,9354,0016/NEP80,16,TEI,al-Juz' al-thalathun min al-rab`ah al-sharifah,2019-08-29T16:06:53+00:00,2019-08-27T20:42:50+00:00,2019-12-06T19:46:33+00:00
muslimworld,9364,0032/ms_or_045,32,TEI,Fi al-falak wa-al-handasah wa-al-hisab.,2019-09-09T20:40:12+00:00,2019-09-09T16:42:37+00:00,2019-09-09T23:37:05+00:00
muslimworld,9365,0032/ms_or_053,32,TEI,Sharh Khulasat al-hisab.,2019-09-09T20:40:12+00:00,2019-09-09T16:42:59+00:00,2019-09-09T23:37:05+00:00
muslimworld,9367,0032/ms_or_300,32,TEI,Sharh Hidayat al-hikmah. Risalah fi `ilm al-hay'ah.,2019-09-09T20:40:12+00:00,2019-09-09T18:10:42+00:00,2019-09-09T23:37:05+00:00
muslimworld,9368,0032/ms_or_421,32,TEI,Devotional book,2019-09-09T20:40:12+00:00,2019-09-09T18:21:45+00:00,2019-09-09T23:37:05+00:00
muslimworld,9369,0032/ms_or_437,32,TEI,Rub` min Dala'il al-khayrat.,2019-09-09T20:40:12+00:00,2019-09-09T18:30:36+00:00,2019-09-09T23:37:05+00:00
muslimworld,9371,0032/X892_8_Sa17,32,TEI,Gulistan,2019-09-09T20:40:12+00:00,2019-09-09T19:27:42+00:00,2019-09-09T23:37:05+00:00
muslimworld,9370,0032/ms_or_214,32,TEI,al-Qur'an,2019-09-13T13:29:57+00:00,2019-09-09T18:45:23+00:00,2019-09-09T23:37:05+00:00
muslimworld,9372,0032/ms_or_422,32,TEI,al-Qur'an,2019-09-13T13:29:57+00:00,2019-09-09T19:44:12+00:00,2019-09-10T22:31:21+00:00
muslimworld,9361,0002/mscodex21_v1,2,TEI,al-Fath al-rabbani fima dhahala `anhu al-Zurqani.,2019-09-20T19:09:30+00:00,2019-09-06T15:07:58+00:00,2019-09-06T22:36:17+00:00
muslimworld,9375,0002/mscodex45_v1,2,TEI,Anwar al-tanzil wa-asrar al-ta'wil.,2019-09-20T19:09:30+00:00,2019-09-13T13:43:52+00:00,2019-09-13T21:18:10+00:00
muslimworld,9376,0002/mscodex45_v2,2,TEI,Anwar al-tanzil wa-asrar al-ta'wil.,2019-09-20T19:09:30+00:00,2019-09-13T13:44:23+00:00,2019-09-13T21:18:10+00:00
muslimworld,9374,0002/msindic6,2,TEI,Bisnu Puran.,2019-09-20T19:09:30+00:00,2019-09-13T13:41:38+00:00,2019-09-13T21:18:10+00:00
muslimworld,9379,0023/lewis_o_065,23,TEI,Sharafnamah.,2019-09-20T19:09:31+00:00,2019-09-17T14:43:36+00:00,2019-09-19T22:43:59+00:00
muslimworld,9383,0023/lewis_o_079,23,TEI,Yusuf va Zulaykha.,2019-09-20T19:09:31+00:00,2019-09-17T17:44:02+00:00,2019-09-19T22:43:59+00:00
muslimworld,9391,0016/NEP31,16,TEI,Yusuf va Zulaykha.,2019-09-23T15:07:18+00:00,2019-09-20T13:20:17+00:00,2019-09-21T02:11:44+00:00
muslimworld,9393,0002/mscodex21_v2,2,TEI,al-Fath al-rabbani fima dhahala `anhu al-Zurqani.,2019-09-23T15:07:18+00:00,2019-09-20T13:32:07+00:00,2019-09-21T02:11:44+00:00
muslimworld,9395,0002/mscodex21_v3,2,TEI,al-Fath al-rabbani fima dhahala `anhu al-Zurqani.,2019-09-23T15:07:18+00:00,2019-09-20T15:54:51+00:00,2019-09-21T23:44:30+00:00
muslimworld,9394,0002/mscodex21_v4,2,TEI,al-Fath al-rabbani fima dhahala `anhu al-Zurqani.,2019-09-23T15:07:18+00:00,2019-09-20T15:23:15+00:00,2019-09-21T02:11:44+00:00
muslimworld,9397,0002/mscodex27_v1,2,TEI,Sharh Mukhtasar al-Shaykh Khalil.,2019-09-23T15:07:18+00:00,2019-09-20T17:49:15+00:00,2019-09-21T23:44:30+00:00
muslimworld,9399,0002/mscodex27_v3,2,TEI,Sharh Mukhtasar al-Shaykh Khalil.,2019-09-23T15:07:18+00:00,2019-09-20T17:51:02+00:00,2019-09-21T23:44:31+00:00
muslimworld,9401,0002/mscodex26_v1,2,TEI,Kitab al-Isti`ab fi asma' al-madhkurin fi al-riwayat wa-sa'ir al-athar wa-al-musannafat mimman sahaba al-Nabi.,2019-09-23T15:07:18+00:00,2019-09-20T17:51:30+00:00,2019-09-21T23:44:31+00:00
muslimworld,9402,0002/mscodex26_v2,2,TEI,Kitab al-Isti`ab fi asma' al-madhkurin fi al-riwayat wa-sa'ir al-athar wa-al-musannafat mimman sahaba al-Nabi.,2019-09-23T15:07:18+00:00,2019-09-20T17:51:44+00:00,2019-09-21T23:44:31+00:00
muslimworld,9396,0006/harris_029,6,TEI,Zqura mlahma d-`al sarba d-haymanuta 'ortoduksayta d-mettawde men `edta qatoliqi wa-msarar b-tahwyata d-men ktabay qudsa.,2019-09-23T15:07:18+00:00,2019-09-20T16:03:29+00:00,2019-09-21T02:11:44+00:00
muslimworld,9359,0016/NEP17,16,TEI,Dual-page illuminated copy of al-Fatihah,2019-09-23T16:03:04+00:00,2019-09-03T20:38:24+00:00,2019-12-06T19:46:16+00:00
muslimworld,9360,0016/NEP26,16,TEI,Kitab Du`a' al-Jawshan,2019-09-23T16:03:04+00:00,2019-09-04T17:42:08+00:00,2019-12-06T19:46:22+00:00
muslimworld,9362,0016/NEP29,16,TEI,al-Qur'an,2019-09-23T16:03:04+00:00,2019-09-06T21:01:49+00:00,2019-12-06T19:46:28+00:00
muslimworld,9358,0016/29_201_706,16,TEI,Ashraf al-wasa'il ila fahm al-Shama'il,2019-09-23T16:03:04+00:00,2019-09-03T20:28:30+00:00,2019-12-06T19:45:31+00:00
muslimworld,9356,0016/2003_72_254b,16,TEI,Leaves from the Qur'an and the Maqamat of al-Hariri,2019-09-23T16:03:04+00:00,2019-09-03T20:22:59+00:00,2019-12-06T19:44:57+00:00
muslimworld,9406,0006/harris_030,6,TEI,Shimo,2019-09-23T20:56:29+00:00,2019-09-23T17:10:01+00:00,2019-09-23T22:31:59+00:00
muslimworld,9407,0006/harris_031,6,TEI,Taksa l-sawma qadisa d-'arb`in w-'itawhy pelguta qadm.,2019-10-04T14:18:12+00:00,2019-09-23T20:36:00+00:00,2020-04-06T20:00:21+00:00
muslimworld,9408,0006/harris_032,6,TEI,Taksa l-sawma qadisa d-'arb`in w-'itawhy pelguta trayana.,2019-10-04T14:18:12+00:00,2019-09-23T20:40:46+00:00,2020-04-06T20:05:55+00:00
muslimworld,9447,0006/harris_035,6,TEI,Devotional Book.,2019-10-07T20:15:53+00:00,2019-10-04T19:06:49+00:00,2019-10-04T23:00:02+00:00
muslimworld,9446,0006/harris_037,6,TEI,Kitab Salawat al-nahariyah.,2019-10-07T20:15:54+00:00,2019-10-04T19:06:32+00:00,2019-10-04T23:00:02+00:00
muslimworld,9448,0006/harris_038,6,TEI,Arabic-Syriac glossary.,2019-10-07T20:15:54+00:00,2019-10-04T19:27:18+00:00,2020-04-06T20:09:04+00:00
muslimworld,9450,0006/harris_049,6,TEI,Mnate men ktaba d-dayi'lugu su'ala w-punaya.,2019-10-07T20:15:54+00:00,2019-10-04T19:44:46+00:00,2019-10-05T23:56:41+00:00
muslimworld,9449,0006/harris_050,6,TEI,Syriac Grammar.,2019-10-07T20:15:54+00:00,2019-10-04T19:38:47+00:00,2019-10-05T23:56:41+00:00
muslimworld,9454,0006/harris_051,6,TEI,Lahksiqon mkansa da-mhawe `al mele `asqe d-ba-ktaba qadisa w-hadhdane d-men ktabe d-malpane.,2019-10-07T20:15:54+00:00,2019-10-04T20:49:02+00:00,2020-04-06T20:10:58+00:00
muslimworld,9453,0006/harris_059,6,TEI,Ma`alta da-lwat ida`ta gramatiqayta.,2019-10-07T20:15:54+00:00,2019-10-04T20:30:26+00:00,2019-10-05T23:56:41+00:00
muslimworld,9442,0023/lewis_o_077,23,TEI,Nigaristan.,2019-10-07T20:15:54+00:00,2019-10-04T15:31:19+00:00,2019-10-05T23:56:40+00:00
muslimworld,9443,0023/lewis_o_067,23,TEI,Kulliyat.,2019-10-07T20:15:54+00:00,2019-10-04T15:59:42+00:00,2019-10-05T23:56:41+00:00
muslimworld,9455,0006/harris_057,6,TEI,Fusul al-Injil al-tahir al-muqaddas.,2019-10-07T20:15:55+00:00,2019-10-07T13:25:03+00:00,2020-04-06T20:15:23+00:00
muslimworld,9456,0006/harris_060,6,TEI,Tas`ita d-Yawsep.,2019-10-07T20:15:55+00:00,2019-10-07T13:26:57+00:00,2019-10-07T23:40:49+00:00
muslimworld,9460,0006/harris_034,6,TEI,al-Qur'an.,2019-10-07T20:15:55+00:00,2019-10-07T14:11:01+00:00,2019-10-07T23:40:49+00:00
muslimworld,9464,0006/harris_048,6,TEI,Qawme.,2019-10-07T20:15:55+00:00,2019-10-07T16:57:44+00:00,2019-10-07T23:40:49+00:00
muslimworld,9466,0006/harris_052,6,TEI,Pusaq tesmsata `idtanaye.,2019-10-14T14:19:47+00:00,2019-10-07T17:58:05+00:00,2019-10-07T23:40:49+00:00
muslimworld,9476,0006/harris_058,6,TEI,Ktaba d-semhe.,2019-10-14T14:19:48+00:00,2019-10-11T14:59:49+00:00,2019-10-11T23:58:36+00:00
muslimworld,9475,0006/harris_061,6,TEI,Silah al-din wa-turs al-yaqin.,2019-10-14T14:19:48+00:00,2019-10-11T14:44:50+00:00,2019-10-11T23:58:36+00:00
muslimworld,9477,0006/harris_062,6,TEI,al-Tawrat.,2019-10-14T14:19:48+00:00,2019-10-11T14:59:54+00:00,2019-10-11T23:58:36+00:00
muslimworld,9478,0006/harris_053,6,TEI,Hudra.,2019-10-14T14:19:48+00:00,2019-10-11T16:27:58+00:00,2019-10-11T23:58:36+00:00
muslimworld,9480,0006/harris_063,6,TEI,al-`Ilm al-lahuti.,2019-10-14T14:19:48+00:00,2019-10-11T19:23:37+00:00,2019-10-11T23:58:36+00:00
muslimworld,9483,0006/harris_066,6,TEI,Divan.,2019-10-14T14:19:48+00:00,2019-10-11T19:45:53+00:00,2020-04-06T20:17:34+00:00
muslimworld,9485,0006/harris_067,6,TEI,Layli va Majnun.,2019-10-14T14:19:48+00:00,2019-10-11T19:49:40+00:00,2019-10-11T23:58:36+00:00
muslimworld,9488,0023/lewis_o_035,23,TEI,Majmu`ah.,2019-10-18T14:30:34+00:00,2019-10-14T15:49:41+00:00,2019-10-15T00:51:50+00:00
muslimworld,9487,0006/harris_070,6,TEI,Arabic-Persian dictionary.,2019-10-18T14:30:34+00:00,2019-10-14T15:48:53+00:00,2019-10-15T23:03:51+00:00
muslimworld,9486,0006/harris_073,6,TEI,Al-juz' al-awwal min kitab Mashariq al-anwar al-Qudsiyah fi bayan al-`uhud al-Muhammadiyah al-shahir bi-al-`Uhud al-kubra.,2019-10-18T14:30:34+00:00,2019-10-14T14:37:51+00:00,2020-04-06T20:19:16+00:00
muslimworld,9489,0006/harris_027,6,TEI,'Ewangeliwan qadisa da-msiha paruqan.,2019-10-18T14:30:34+00:00,2019-10-14T16:19:21+00:00,2019-10-15T23:03:51+00:00
muslimworld,9492,0006/harris_036,6,TEI,New Testament.,2019-10-18T14:30:34+00:00,2019-10-14T19:42:50+00:00,2019-10-15T23:03:51+00:00
muslimworld,9491,0006/harris_038a,6,TEI,al-Khums al-awwal min Sahih al-Bukhari.,2019-10-18T14:30:35+00:00,2019-10-14T17:32:02+00:00,2019-10-15T23:03:51+00:00
muslimworld,9490,0006/harris_054,6,TEI,Ktaba d-simata.,2019-10-18T14:30:35+00:00,2019-10-14T17:31:20+00:00,2020-04-06T20:13:14+00:00
muslimworld,9493,0006/harris_055,6,TEI,Kamis.,2019-10-18T20:53:06+00:00,2019-10-18T13:23:18+00:00,2019-10-19T00:25:45+00:00
muslimworld,9494,0006/harris_056,6,TEI,Mu`in al-mufti `ala jawab al-mustafti.,2019-10-18T20:53:07+00:00,2019-10-18T13:23:57+00:00,2019-10-19T00:25:46+00:00
muslimworld,9496,0002/mscodex27_v2,2,TEI,Sharh Mukhtasar al-Shaykh Khalil.,2019-10-21T14:06:41+00:00,2019-10-18T17:47:26+00:00,2019-10-19T23:01:56+00:00
muslimworld,9495,0002/mscodex27_v4,2,TEI,Sharh Mukhtasar al-Shaykh Khalil.,2019-10-21T14:06:42+00:00,2019-10-18T17:46:39+00:00,2019-10-19T23:01:56+00:00
muslimworld,9503,0016/NEP30,16,TEI,Kulliyat-i Jami.,2019-10-28T13:40:11+00:00,2019-10-21T14:12:37+00:00,2019-10-23T01:20:30+00:00
muslimworld,9506,0006/harris_033,6,TEI,'Ewangeliwan.,2019-10-28T13:40:11+00:00,2019-10-21T16:22:19+00:00,2019-10-23T01:20:31+00:00
muslimworld,9504,0002/msbox23_folder26,2,TEI,Ahmad `Ali Khan Bahadur wedding invitation,2019-10-28T13:40:11+00:00,2019-10-21T15:10:10+00:00,2019-10-22T00:56:40+00:00
muslimworld,9505,0002/mscodex_39,2,TEI,Ratib al-mahdi.,2019-10-28T13:40:11+00:00,2019-10-21T15:57:56+00:00,2019-10-22T00:56:40+00:00
muslimworld,9517,0023/lewis_o_038,23,TEI,Majma` al-furs-i Sururi dar bayan-i lughat-i Farsi.,2019-11-01T19:30:02+00:00,2019-10-28T15:18:51+00:00,2019-10-29T23:28:38+00:00
muslimworld,9516,0023/lewis_o_049,23,TEI,Anvar-i Suhayli.,2019-11-01T19:30:02+00:00,2019-10-28T15:01:10+00:00,2019-10-28T23:27:14+00:00
muslimworld,9519,0023/lewis_o_064,23,TEI,Kitab-i Sharaf'namah-'i Iskandari.,2019-11-01T19:30:02+00:00,2019-10-28T18:41:41+00:00,2019-10-28T23:27:14+00:00
muslimworld,9522,0023/lewis_o_075,23,TEI,Divan-i Hafiz.,2019-11-01T19:30:02+00:00,2019-10-28T20:03:07+00:00,2019-10-29T23:28:38+00:00
muslimworld,9524,0023/lewis_o_099,23,TEI,Collection of stories in Hindustani.,2019-11-01T19:30:02+00:00,2019-10-28T20:38:56+00:00,2019-10-29T23:28:38+00:00
muslimworld,9523,0023/lewis_o_151,23,TEI,Syriac hymns and prayers.,2019-11-01T19:30:02+00:00,2019-10-28T20:32:54+00:00,2019-10-28T23:27:14+00:00
muslimworld,9526,0023/lewis_o_154,23,TEI,Vamiq va `Azra.,2019-11-01T19:30:02+00:00,2019-11-01T13:41:18+00:00,2019-11-02T00:54:44+00:00
muslimworld,9525,0023/lewis_o_098,23,TEI,Gulshan-i `ishq.,2019-11-01T19:30:02+00:00,2019-11-01T13:32:09+00:00,2019-11-02T00:54:44+00:00
muslimworld,9528,0032/ms_or_455,32,TEI,Framed lacquer painting.,2019-11-01T19:30:02+00:00,2019-11-01T17:42:15+00:00,2019-11-02T00:54:44+00:00
muslimworld,9531,0032/ms_or_475,32,TEI,Subhat al-abrar.,2019-11-01T19:30:02+00:00,2019-11-01T18:07:47+00:00,2019-11-02T00:54:44+00:00
muslimworld,9529,0032/ms_or_484,32,TEI,Two illustrations from Qur'anic stories.,2019-11-01T19:30:02+00:00,2019-11-01T18:01:21+00:00,2019-11-02T00:54:44+00:00
muslimworld,9530,0032/ms_or_485,32,TEI,Leaf from Khusraw va Shirin.,2019-11-01T19:30:02+00:00,2019-11-01T18:07:20+00:00,2019-11-02T00:54:44+00:00
muslimworld,9532,0032/ms_or_461,32,TEI,Sharh-i Bist bab-i usturlab.,2019-11-01T19:30:02+00:00,2019-11-01T18:08:02+00:00,2019-11-02T00:54:44+00:00
muslimworld,9513,0023/lewis_o_060,23,TEI,Kulliyat.,2019-11-01T19:33:56+00:00,2019-10-22T20:44:44+00:00,2019-10-23T22:41:27+00:00
muslimworld,9533,0032/ms_or_442,32,TEI,Kitab-i Suwar al-kawakib.,2019-11-04T14:30:37+00:00,2019-11-01T18:12:34+00:00,2019-11-02T00:54:44+00:00
muslimworld,9535,0032/ms_or_447,32,TEI,Taqdim Abi Bakr.,2019-11-04T14:30:38+00:00,2019-11-01T18:59:03+00:00,2019-11-02T00:54:44+00:00
muslimworld,9534,0033/uts_ms_001_arabic,33,TEI,al-Qur'an.,2019-11-04T14:30:38+00:00,2019-11-01T18:35:41+00:00,2020-05-05T14:13:06+00:00
muslimworld,9527,0023/lewis_o_052,23,TEI,Shahnamah.,2019-11-04T14:30:38+00:00,2019-11-01T15:59:39+00:00,2019-11-02T23:21:35+00:00
muslimworld,9520,0016/NEP27,16,TEI,al-Qur'an,2019-11-04T16:21:36+00:00,2019-10-28T18:42:00+00:00,2019-10-29T23:28:38+00:00
muslimworld,9545,0023/lewis_o_053,23,TEI,Shahnamah.,2019-11-15T16:30:29+00:00,2019-11-08T17:20:03+00:00,2019-11-09T01:10:10+00:00
muslimworld,9561,0002/mscodex1905,2,TEI,Dala'il al-khayrat wa shawariq al-anwar fi dhikr al-salah `ala al-nabi al-mukhtar.,2019-11-15T16:32:29+00:00,2019-11-15T16:02:51+00:00,2019-11-16T00:06:56+00:00
muslimworld,9574,0032/ms_or_320,32,TEI,Vendidad Sade,2019-11-22T15:19:57+00:00,2019-11-18T16:00:41+00:00,2019-11-19T00:18:17+00:00
muslimworld,9581,0032/ms_or_462,32,TEI,Chand risalah dar hisab va hay'at.,2019-11-22T15:19:57+00:00,2019-11-18T18:20:09+00:00,2020-03-10T19:23:30+00:00
muslimworld,9572,0032/ms_or_466,32,TEI,Arabic poem with painting,2019-11-22T15:19:57+00:00,2019-11-18T15:12:15+00:00,2019-11-19T00:18:17+00:00
muslimworld,9621,0002/kcajs_rar_ms_153,2,TEI,Tahrir al-qawa`id al-mantiqiyah fi sharh al-Risalah al-shamsiyah.,2019-12-16T14:59:08+00:00,2019-12-13T17:08:23+00:00,2019-12-14T00:21:37+00:00
muslimworld,9623,0002/kcajs_rar_ms_156,2,TEI,Kafiyah.,2019-12-16T14:59:08+00:00,2019-12-13T18:02:39+00:00,2019-12-14T00:21:37+00:00
muslimworld,9622,0002/kcajs_rar_ms_283,2,TEI,Hadha majmu` fi `ilm al-tasrif.,2019-12-16T14:59:08+00:00,2019-12-13T18:02:24+00:00,2019-12-14T00:21:37+00:00
muslimworld,9618,0002/mscodex_1998,2,TEI,Jaridat al-atibba' kharidat al-alibba'.,2019-12-16T14:59:08+00:00,2019-12-13T15:15:54+00:00,2019-12-14T00:21:37+00:00
muslimworld,9619,0002/mscodex_2009,2,TEI,"Poetry anthology in Ottoman Turkish, Persian and Arabic.",2019-12-16T14:59:08+00:00,2019-12-13T15:30:39+00:00,2019-12-14T00:21:37+00:00
muslimworld,9620,0002/mscodex35,2,TEI,Short treatise on tajwid.,2019-12-16T14:59:08+00:00,2019-12-13T16:21:26+00:00,2019-12-14T00:21:37+00:00
muslimworld,9625,0023/lewis_o_087,23,TEI,Three poems on piety.,2019-12-16T14:59:08+00:00,2019-12-13T20:02:30+00:00,2019-12-14T00:21:37+00:00
muslimworld,9624,0023/lewis_o_090,23,TEI,Tuhfah-'i Shahidi.,2019-12-16T14:59:08+00:00,2019-12-13T20:01:33+00:00,2019-12-14T00:21:37+00:00
muslimworld,9628,0023/lewis_o_054,23,TEI,Shahnamah.,2019-12-23T15:21:24+00:00,2019-12-16T16:30:26+00:00,2019-12-18T00:24:25+00:00
muslimworld,9663,0023/lewis_o_006,23,TEI,al-Qur'an.,2020-01-06T21:43:37+00:00,2020-01-06T15:07:25+00:00,2020-01-07T00:55:17+00:00
muslimworld,9664,0023/lewis_o_091,23,TEI,Menahic ul-usul ud-diniye ila mevakif il-makasid il-ayniye,2020-01-06T21:43:37+00:00,2020-01-06T15:18:39+00:00,2020-01-07T00:55:17+00:00
muslimworld,9662,0023/lewis_o_092,23,TEI,Vaqfname-yi Ahmet Pasa.,2020-01-06T21:43:37+00:00,2020-01-03T20:46:03+00:00,2020-01-03T23:19:11+00:00
muslimworld,9668,0023/lewis_o_096,23,TEI,Tercume-yi manzume-yi Gulistan.,2020-01-06T21:43:37+00:00,2020-01-06T18:09:43+00:00,2020-01-07T00:55:17+00:00
muslimworld,9665,0023/lewis_o_150,23,TEI,Samaritan liturgy.,2020-01-06T21:43:37+00:00,2020-01-06T16:28:30+00:00,2020-01-07T00:55:17+00:00
muslimworld,9669,0023/lewis_o_158,23,TEI,al-Qur'an.,2020-01-06T21:43:37+00:00,2020-01-06T18:10:10+00:00,2020-01-07T00:55:17+00:00
muslimworld,9666,0023/lewis_o_160,23,TEI,Devotional book.,2020-01-06T21:43:37+00:00,2020-01-06T16:34:39+00:00,2020-01-07T00:55:17+00:00
muslimworld,9688,0043/ms_494_9_t841,43,TEI,Tercuman-name. / Tajuman namah. / trjmn nmh,2020-01-22T15:28:18+00:00,2020-01-17T21:25:24+00:00,2020-01-18T00:48:57+00:00
muslimworld,9673,0043/mscoll200_bowden,43,TEI,Short account about the status of Dhimmis,2020-01-22T15:28:18+00:00,2020-01-09T21:24:17+00:00,2020-04-02T14:04:29+00:00
muslimworld,9676,0043/mscoll200_firman,43,TEI,Firman issued in the name of Abdulhamid I regarding the Imam of a mosque in Izmir,2020-01-22T15:28:18+00:00,2020-01-17T16:34:09+00:00,2020-01-18T00:48:56+00:00
muslimworld,9679,0032/ms_or_001,32,TEI,Zij-i sultani,2020-01-22T15:28:18+00:00,2020-01-17T17:26:28+00:00,2020-01-18T00:48:57+00:00
muslimworld,9678,0032/ms_or_010,32,TEI,Mukhtasar-i Bist dar ma`rifat-i usturlab.,2020-01-22T15:28:18+00:00,2020-01-17T17:06:59+00:00,2020-01-18T00:48:57+00:00
muslimworld,9682,0032/ms_or_067,32,TEI,Divan.,2020-01-22T15:28:18+00:00,2020-01-17T18:14:04+00:00,2020-01-19T00:50:47+00:00
muslimworld,9683,0032/ms_or_089,32,TEI,Jala' al-adhhan wa-jala' al-ahzan fi tafsir al-Qur'an.,2020-01-22T15:28:18+00:00,2020-01-17T19:00:22+00:00,2020-01-19T00:50:47+00:00
muslimworld,9684,0032/ms_or_168,32,TEI,Fath al-quddus fi sharh khutbat al-Qamus.,2020-01-22T15:28:18+00:00,2020-01-17T19:53:59+00:00,2020-01-19T00:50:47+00:00
muslimworld,9681,0032/ms_or_282,32,TEI,Tarjumah-i kitab-i Tahrir-i Uqlidus-i dar usul-i handasah va hisab.,2020-01-22T15:28:18+00:00,2020-01-17T18:08:42+00:00,2020-01-18T00:48:57+00:00
muslimworld,9685,0032/ms_or_323,32,TEI,Khordah Avesta.,2020-01-22T15:28:18+00:00,2020-01-17T19:54:24+00:00,2020-01-19T00:50:48+00:00
muslimworld,9689,0032/ms_or_454,32,TEI,Hamlah-i Haydari.,2020-01-22T15:28:18+00:00,2020-01-22T14:55:16+00:00,2020-01-22T23:51:00+00:00
muslimworld,9686,0032/ms_or_477,32,TEI,Collection of Sufi writings and prayers,2020-01-22T15:28:18+00:00,2020-01-17T20:57:56+00:00,2020-01-19T00:50:48+00:00
muslimworld,9687,0032/ms_or_516,32,TEI,Wooden writing tablet for teaching grammar and religion,2020-01-22T15:28:18+00:00,2020-01-17T21:12:21+00:00,2020-01-18T00:48:57+00:00
muslimworld,5086,0002/cajs_rarms125,2,TEI,Selections from the Hadith.,2020-01-31T15:24:24+00:00,2017-09-26T20:22:47+00:00,2020-01-27T18:54:55+00:00
muslimworld,5100,0002/cajs_rarms126,2,TEI,Kitab al-Shifa bi-ta`rif huquq al-Mustafa.,2020-01-31T15:24:24+00:00,2017-09-27T15:44:45+00:00,2020-01-27T19:12:43+00:00
muslimworld,5103,0002/cajs_rarms132,2,TEI,Devotional book.,2020-01-31T15:24:24+00:00,2017-09-27T20:09:15+00:00,2020-01-27T19:15:10+00:00
muslimworld,5149,0002/cajs_rarms137,2,TEI,Kitab Rawd al-rayahin fi hikayat al-salihin,2020-01-31T15:24:24+00:00,2017-10-02T19:23:51+00:00,2020-01-27T19:16:54+00:00
muslimworld,5150,0002/cajs_rarms142,2,TEI,Muntaha al-iradat fi jam` al-Muqni` ma`a al-Tanqih wa-ziyadat .,2020-01-31T15:24:24+00:00,2017-10-03T14:33:36+00:00,2020-01-27T19:18:07+00:00
muslimworld,5159,0002/cajs_rarms143,2,TEI,al-Hidayah.,2020-01-31T15:24:24+00:00,2017-10-04T13:19:12+00:00,2020-01-27T19:21:15+00:00
muslimworld,5167,0002/cajs_rarms147,2,TEI,Ibn Malak `ala al-Manar fi usul al-fiqh.,2020-01-31T15:24:24+00:00,2017-10-05T14:56:16+00:00,2020-01-27T19:22:49+00:00
muslimworld,5169,0002/cajs_rarms159,2,TEI,Mughni al-labib.,2020-01-31T15:24:24+00:00,2017-10-05T19:42:11+00:00,2020-01-27T19:23:47+00:00
muslimworld,5175,0002/cajs_rarms207,2,TEI,Kitab-i Gulistan.,2020-01-31T15:24:24+00:00,2017-10-06T14:46:14+00:00,2020-01-27T19:25:39+00:00
muslimworld,5194,0002/cajs_rarms211,2,TEI,Kitab-i Timurnamah.,2020-01-31T15:24:24+00:00,2017-10-10T20:07:08+00:00,2020-01-27T19:26:55+00:00
muslimworld,5202,0002/cajs_rarms214,2,TEI,In kitab dar tibb.,2020-01-31T15:24:24+00:00,2017-10-11T19:00:22+00:00,2020-06-18T14:30:55+00:00
muslimworld,5208,0002/cajs_rarms216,2,TEI,Kiya-yi Hazret-i Yusuf Zulaykha.,2020-01-31T15:24:24+00:00,2017-10-12T19:38:19+00:00,2020-01-27T19:28:54+00:00
muslimworld,5380,0002/cajs_rarms280,2,TEI,al-Qur'an.,2020-01-31T15:24:24+00:00,2017-10-25T19:14:23+00:00,2020-01-27T19:29:54+00:00
muslimworld,258,0001/ljs37,1,TEI,Ikhtisar lil-maqalat min kitab Uqlidis.,2020-01-31T15:24:24+00:00,2015-02-17T21:12:28+00:00,2020-01-27T19:39:51+00:00
muslimworld,116,0001/ljs43,1,TEI,Shah Qasim wa-ghayruhu min tasanifih.,2020-01-31T15:24:24+00:00,2014-12-03T06:02:14+00:00,2020-01-27T19:41:49+00:00
muslimworld,84,0001/ljs51,1,TEI,Collection of alphabets and encoded correspondence,2020-01-31T15:24:24+00:00,2014-12-01T21:02:00+00:00,2020-01-27T19:42:42+00:00
muslimworld,254,0001/ljs293,1,TEI,al-Bayan wa al-tidhkar fi san`at `amal al-ghubar.,2020-01-31T15:24:24+00:00,2015-02-17T16:49:45+00:00,2020-01-27T19:43:46+00:00
muslimworld,108,0001/ljs296,1,TEI,Idah al-maqasid li-fara'id al-fawa'id.,2020-01-31T15:24:24+00:00,2014-12-02T23:42:00+00:00,2020-01-27T19:44:34+00:00
muslimworld,47,0001/ljs322,1,TEI,Fragments from Books III-V of Qanun fi al-tibb.,2020-01-31T15:24:24+00:00,2014-11-28T19:53:23+00:00,2020-01-27T19:46:05+00:00
muslimworld,262,0001/ljs386,1,TEI,Kitab Mizan al-hikmah.,2020-01-31T15:24:24+00:00,2015-02-18T17:40:10+00:00,2020-01-27T19:47:02+00:00
muslimworld,347,0001/ljs387,1,TEI,al-Qamus al-muhit.,2020-01-31T15:24:24+00:00,2015-04-16T16:45:44+00:00,2020-01-27T19:50:24+00:00
muslimworld,207,0001/ljs388,1,TEI,Mulakhkhas fi al-hay'ah.,2020-01-31T15:24:24+00:00,2015-02-10T17:41:26+00:00,2020-01-27T20:07:12+00:00
muslimworld,293,0001/ljs392,1,TEI,Tafsir al-Tahrir.,2020-01-31T15:24:24+00:00,2015-03-02T20:55:51+00:00,2020-01-27T20:15:13+00:00
muslimworld,64,0001/ljs393,1,TEI,Sharh Fusul Buqurat. Masa'il Hunayn ibn Ishaq.,2020-01-31T15:24:24+00:00,2014-11-30T07:36:01+00:00,2020-01-27T20:16:45+00:00
muslimworld,85,0001/ljs394,1,TEI,al-Thani min al-sihah.,2020-01-31T15:24:24+00:00,2014-12-01T21:39:42+00:00,2020-01-27T20:17:46+00:00
muslimworld,125,0001/ljs398,1,TEI,Maqalah fi khalq al-insan.,2020-01-31T15:24:24+00:00,2014-12-03T14:02:53+00:00,2020-01-27T20:18:52+00:00
muslimworld,251,0001/ljs405,1,TEI,Kitab al-Siyasah al-shar`iyah al-musamma tas'hil al-nazar wa-ta`jil al-zafar.,2020-01-31T15:24:24+00:00,2015-02-16T19:38:31+00:00,2020-01-27T20:23:42+00:00
muslimworld,244,0001/ljs408,1,TEI,Sharh al-Mulakhkhas fi al-hay'ah.,2020-01-31T15:24:24+00:00,2015-02-13T17:13:12+00:00,2020-01-27T20:25:56+00:00
muslimworld,208,0001/ljs409,1,TEI,Kitab al-Kashf wa-al-bayan. Idah al-rumuz fi al-burhan.,2020-01-31T15:24:24+00:00,2015-02-10T18:06:15+00:00,2020-01-27T20:26:51+00:00
muslimworld,106,0001/ljs410,1,TEI,al-Mulakhkhas fi al-hay'ah.,2020-01-31T15:24:24+00:00,2014-12-02T22:38:32+00:00,2020-01-27T20:27:46+00:00
muslimworld,352,0001/ljs412,1,TEI,Four treatises on astrolabes and astronomy.,2020-01-31T15:24:24+00:00,2015-04-17T18:07:08+00:00,2020-01-27T20:28:35+00:00
muslimworld,118,0001/ljs426,1,TEI,al-Kulliyat.,2020-01-31T15:24:24+00:00,2014-12-03T08:28:11+00:00,2020-01-27T20:31:10+00:00
muslimworld,344,0001/ljs435,1,TEI,Maqalah fi al-`amal bi-al-yad.,2020-01-31T15:24:24+00:00,2015-04-16T14:08:04+00:00,2020-01-27T20:32:08+00:00
muslimworld,345,0001/ljs436,1,TEI,Daw' al-siraj.,2020-01-31T15:24:24+00:00,2015-04-16T15:05:10+00:00,2020-01-27T20:32:56+00:00
muslimworld,220,0001/ljs439,1,TEI,Book on the configuration of the orb.,2020-01-31T15:24:24+00:00,2015-02-11T13:58:30+00:00,2020-01-27T20:33:45+00:00
muslimworld,319,0001/ljs444,1,TEI,Hall al-Mujiz.,2020-01-31T15:24:24+00:00,2015-04-07T16:19:00+00:00,2020-01-27T20:34:36+00:00
muslimworld,294,0001/ljs455,1,TEI,Fawa'id al-habib. Zinjar al-hukama'.,2020-01-31T15:24:24+00:00,2015-03-03T14:46:45+00:00,2020-01-27T20:35:24+00:00
muslimworld,346,0001/ljs456,1,TEI,Kitab al-Siyasah fi tadbir al-riyasah,2020-01-31T15:24:24+00:00,2015-04-16T15:42:23+00:00,2020-01-27T20:37:15+00:00
muslimworld,349,0001/ljs459,1,TEI,Sirr al-asrar.,2020-01-31T15:24:24+00:00,2015-04-17T14:26:19+00:00,2020-01-27T20:38:07+00:00
muslimworld,197,0001/ljs460,1,TEI,Gathering from Ikhtisar lil-maqalat min kitab Uqlidis.,2020-01-31T15:24:24+00:00,2015-02-09T22:05:14+00:00,2020-01-27T20:42:35+00:00
muslimworld,263,0001/ljs464,1,TEI,Tahsil al-muna fi sharh Talkhis Ibn al-Banna'.,2020-01-31T15:24:24+00:00,2015-02-18T18:41:17+00:00,2020-01-27T21:00:48+00:00
muslimworld,25,0001/ljs465,1,TEI,Didactic poem on surveying and measurement of areas (taksir).,2020-01-31T15:24:24+00:00,2014-11-04T21:59:22+00:00,2020-01-27T21:11:28+00:00
muslimworld,214,0001/ljs467,1,TEI,Hadha min Khawass al-manazil wa-hiya fi al-maghrib anwa'.,2020-01-31T15:24:24+00:00,2015-02-10T20:04:16+00:00,2020-01-27T21:14:17+00:00
muslimworld,71,0001/ljs481,1,TEI,Hatt al-niqab `an wujuh a`mal al-hisab.,2020-01-31T15:24:24+00:00,2014-11-30T19:18:16+00:00,2020-01-27T21:19:06+00:00
muslimworld,3132,0001/ljs495,1,TEI,Kharidat al-`aja'ib wa faridat al-ghara'ib.,2020-01-31T15:24:24+00:00,2016-09-15T15:12:22+00:00,2020-01-27T21:21:26+00:00
muslimworld,9705,0003/bv_056,3,TEI,Notebook of magical formulae.,2020-02-03T20:10:24+00:00,2020-01-27T20:56:03+00:00,2020-01-28T00:01:13+00:00
muslimworld,9706,0003/bv_047,3,TEI,al-Mazamir al-muqaddasah.,2020-02-03T20:10:24+00:00,2020-01-31T16:04:07+00:00,2020-02-01T01:07:25+00:00
muslimworld,9707,0003/bv_048,3,TEI,Devotional book.,2020-02-03T20:10:24+00:00,2020-01-31T16:19:24+00:00,2020-02-01T01:07:25+00:00
muslimworld,9708,0003/bv_049,3,TEI,Subhat al-abrar.,2020-02-03T20:10:24+00:00,2020-01-31T16:30:16+00:00,2020-02-01T01:07:25+00:00
muslimworld,9709,0003/bv_050,3,TEI,Gulistan.,2020-02-03T20:10:25+00:00,2020-01-31T16:52:25+00:00,2020-02-01T01:07:25+00:00
muslimworld,9710,0003/bv_051,3,TEI,Khamsah.,2020-02-03T20:10:25+00:00,2020-01-31T18:42:13+00:00,2020-02-01T01:07:25+00:00
muslimworld,9711,0003/bv_052,3,TEI,al-Qur'an.,2020-02-03T20:10:25+00:00,2020-01-31T18:42:53+00:00,2020-04-02T14:03:42+00:00
muslimworld,9712,0003/bv_053,3,TEI,Devotional book.,2020-02-03T20:10:25+00:00,2020-01-31T18:43:14+00:00,2020-02-01T01:07:26+00:00
muslimworld,9713,0003/bv_054,3,TEI,Hadha kitab sharh Mashariq.,2020-02-03T20:10:25+00:00,2020-01-31T18:43:26+00:00,2020-04-22T13:15:19+00:00
muslimworld,9716,0003/bv_055,3,TEI,Vasiyyet.,2020-02-03T20:10:25+00:00,2020-01-31T19:52:26+00:00,2020-02-01T01:07:26+00:00
muslimworld,9714,0003/bv_057,3,TEI,Sirat al-Nabi Muhammad.,2020-02-03T20:10:25+00:00,2020-01-31T19:40:27+00:00,2020-04-02T14:07:03+00:00
muslimworld,9715,0003/bv_058,3,TEI,Calligraphic album.,2020-02-03T20:10:25+00:00,2020-01-31T19:46:25+00:00,2020-04-02T14:08:36+00:00
muslimworld,9717,0003/bv_060,3,TEI,al-Qur'an.,2020-02-03T20:10:25+00:00,2020-01-31T19:59:53+00:00,2020-02-01T01:07:26+00:00
muslimworld,9718,0003/bv_062,3,TEI,Dala'il al-khayrat wa shawariq al-anwar fi dhikr al-salah `ala al-nabi al-mukhtar.,2020-02-03T20:10:25+00:00,2020-01-31T20:21:38+00:00,2020-02-01T01:07:26+00:00
muslimworld,9720,0003/bv_067,3,TEI,Syriac-English dictionary.,2020-02-03T20:10:25+00:00,2020-02-03T14:37:53+00:00,2020-02-04T00:51:13+00:00
muslimworld,9721,0003/bv_068,3,TEI,al-Hawd.,2020-02-03T20:10:25+00:00,2020-02-03T14:38:24+00:00,2020-04-02T14:14:09+00:00
muslimworld,9725,0003/bv_069,3,TEI,Mushaf jalil fihi ....,2020-02-03T20:10:25+00:00,2020-02-03T15:23:27+00:00,2020-02-04T00:51:13+00:00
muslimworld,9726,0003/bv_070,3,TEI,al-Qur'an.,2020-02-03T20:10:25+00:00,2020-02-03T16:10:53+00:00,2020-04-02T14:19:34+00:00
muslimworld,9724,0003/bv_071,3,TEI,Devotional book.,2020-02-03T20:10:25+00:00,2020-02-03T15:14:00+00:00,2020-02-04T00:51:13+00:00
muslimworld,9723,0003/bv_072,3,TEI,Tables for the risings and settings of the moon and planets.,2020-02-03T20:10:25+00:00,2020-02-03T15:13:40+00:00,2020-02-04T00:51:13+00:00
muslimworld,9722,0003/bv_201,3,TEI,Dala'il al-khayrat wa shawariq al-anwar fi dhikr al-salah `ala al-nabi al-mukhtar.,2020-02-03T20:10:25+00:00,2020-02-03T15:13:08+00:00,2020-04-02T14:21:16+00:00
muslimworld,9701,0023/lewis_o_059,23,TEI,Shahnamah.,2020-02-03T21:01:57+00:00,2020-01-27T16:57:22+00:00,2020-01-29T00:28:11+00:00
muslimworld,9728,0001/ljs44,1,TEI,Collection of Persian poetry.,2020-02-14T15:32:52+00:00,2020-02-03T21:48:20+00:00,2020-02-24T17:04:22+00:00
muslimworld,9759,0002/kcajs_rar_ms123,2,TEI,al-Juz' al-thamin min al-rab`ah al-sharifah.,2020-02-14T15:32:52+00:00,2020-02-07T20:33:28+00:00,2020-02-09T00:25:57+00:00
muslimworld,9758,0002/kcajs_rar_ms134,2,TEI,Prayers for the month of Rajab.,2020-02-14T15:32:52+00:00,2020-02-07T20:05:10+00:00,2020-02-07T23:33:49+00:00
muslimworld,9761,0002/kcajs_rar_ms135,2,TEI,Hadha kitab munyat al-musalli.,2020-02-14T15:32:52+00:00,2020-02-07T21:27:28+00:00,2020-02-09T00:25:57+00:00
muslimworld,9763,0002/kcajs_rar_ms146,2,TEI,Sharh al-Wiqayah.,2020-02-14T15:32:52+00:00,2020-02-07T21:59:13+00:00,2020-02-09T00:25:58+00:00
muslimworld,9764,0002/kcajs_rar_ms150,2,TEI,Ihya' `ulum al-din.,2020-02-14T15:32:52+00:00,2020-02-10T14:26:46+00:00,2020-02-11T01:56:48+00:00
muslimworld,9762,0002/kcajs_rar_ms155,2,TEI,Sharh al-Unmudhaj.,2020-02-14T15:32:52+00:00,2020-02-07T21:37:42+00:00,2020-02-09T00:25:57+00:00
muslimworld,9760,0002/kcajs_rar_ms157,2,TEI,`Awamil fi al-nahw.,2020-02-14T15:32:52+00:00,2020-02-07T20:50:50+00:00,2020-02-07T23:33:49+00:00
muslimworld,9765,0002/kcajs_rar_ms167,2,TEI,al-Mushaf al-sharif.,2020-02-14T15:32:52+00:00,2020-02-10T14:27:49+00:00,2020-02-11T01:56:48+00:00
muslimworld,9768,0002/kcajs_rar_ms213,2,TEI,Nisab al-sibyan.,2020-02-14T15:32:52+00:00,2020-02-10T14:59:48+00:00,2020-02-11T01:56:48+00:00
muslimworld,9769,0002/kcajs_rar_ms282,2,TEI,al-Fatihah to al-An`am 165.,2020-02-14T15:32:52+00:00,2020-02-10T15:22:10+00:00,2020-02-11T01:56:48+00:00
muslimworld,9770,0002/kcajs_rar_ms285,2,TEI,Multaqa al-abhur.,2020-02-14T15:32:52+00:00,2020-02-10T16:18:01+00:00,2020-02-17T15:42:04+00:00
muslimworld,9771,0032/ms_or_011,32,TEI,Dar ma`rifat-i taqvim mushtamil bar si fasl.,2020-02-14T15:32:52+00:00,2020-02-10T18:53:22+00:00,2020-02-11T01:56:48+00:00
muslimworld,9777,0032/ms_or_023,32,TEI,`Ajib al-masa'il. Risalah dar hay'at.,2020-02-14T15:32:52+00:00,2020-02-10T20:06:36+00:00,2020-02-11T01:56:48+00:00
muslimworld,9772,0032/ms_or_028,32,TEI,Kitab al-ukar.,2020-02-14T15:32:52+00:00,2020-02-10T19:20:52+00:00,2020-02-11T01:56:48+00:00
muslimworld,9774,0032/ms_or_065,32,TEI,Ghayat al-murad fi wifq al-a`dad.,2020-02-14T15:32:52+00:00,2020-02-10T19:50:24+00:00,2020-02-11T01:56:48+00:00
muslimworld,9776,0032/ms_or_395,32,TEI,Kharidat al-`ajayib wa-faridat al-gharayib.,2020-02-14T15:32:52+00:00,2020-02-10T20:04:54+00:00,2020-02-11T01:56:48+00:00
muslimworld,9775,0032/ms_or_402,32,TEI,Two mounted Qur'an leaves.,2020-02-14T15:32:52+00:00,2020-02-10T19:57:08+00:00,2020-02-11T01:56:48+00:00
muslimworld,9778,0032/ms_or_404,32,TEI,Leaf with ghazal of Hafiz.,2020-02-14T15:32:52+00:00,2020-02-10T20:09:23+00:00,2020-02-11T01:56:48+00:00
muslimworld,9779,0032/X892_8_H114,32,TEI,Sharh-i Hafiz.,2020-02-14T15:32:52+00:00,2020-02-10T21:30:18+00:00,2020-02-11T23:33:43+00:00
muslimworld,9780,0003/bv_065,3,TEI,Shahnamah.,2020-02-17T15:10:11+00:00,2020-02-14T14:53:23+00:00,2020-02-16T01:22:37+00:00
muslimworld,9783,0023/lewis_o_041,23,TEI,`Aja'ib al-makhluqat.,2020-02-17T15:10:11+00:00,2020-02-14T16:26:45+00:00,2020-02-15T00:32:53+00:00
muslimworld,9784,0023/lewis_o_073,23,TEI,Divan-i Khusraw va `Ismat.,2020-02-17T15:10:11+00:00,2020-02-14T16:46:54+00:00,2020-02-15T00:32:53+00:00
muslimworld,9781,0023/lewis_o_083,23,TEI,Layli va Majnun.,2020-02-17T15:10:11+00:00,2020-02-14T15:48:33+00:00,2020-02-15T00:32:53+00:00
muslimworld,9782,0023/lewis_o_084,23,TEI,I`tiqadiyah-i Mulla Tughra.,2020-02-17T15:10:11+00:00,2020-02-14T16:26:33+00:00,2020-02-15T00:32:53+00:00
muslimworld,9785,0043/Mss_494_9_T84,43,TEI,Handbook for composing letters,2020-02-17T15:10:11+00:00,2020-02-14T17:21:37+00:00,2020-04-02T14:05:20+00:00
muslimworld,9790,0002/kcajs_rar_ms122,2,TEI,al-Qur'an.,2020-02-24T17:29:44+00:00,2020-02-21T21:10:32+00:00,2020-02-23T00:40:32+00:00
muslimworld,9786,0002/kcajs_rar_ms129,2,TEI,al-Nisbah ila al-mawadi` wa-al-buldan.,2020-02-24T17:29:44+00:00,2020-02-21T20:02:32+00:00,2020-02-23T00:40:32+00:00
muslimworld,9792,0002/kcajs_rar_ms130,2,TEI,Awwal Wafayat al-a`yan wa-anba' al-zaman.,2020-02-24T17:29:44+00:00,2020-02-21T21:47:33+00:00,2020-02-23T00:40:32+00:00
muslimworld,9789,0002/kcajs_rar_ms286,2,TEI,Sharh al-Burdah.,2020-02-24T17:29:44+00:00,2020-02-21T21:10:07+00:00,2020-02-21T23:32:17+00:00
muslimworld,9791,0002/mscodex36,2,TEI,Sharh-i qasidah-i Tantarani.,2020-02-24T17:29:44+00:00,2020-02-21T21:32:22+00:00,2020-02-21T23:32:17+00:00
muslimworld,9793,0002/mscoll525,2,TEI,Kitab-i tasavir-i shishah garan va ghayrah va bayan-i alat anha.,2020-02-24T17:29:44+00:00,2020-02-21T21:49:06+00:00,2020-02-21T23:32:17+00:00
muslimworld,9794,0002/kcajs_rar_ms144,2,TEI,al-Hidayah.,2020-02-24T17:29:44+00:00,2020-02-24T14:05:54+00:00,2020-02-24T23:43:33+00:00
muslimworld,95,0001/ljs40,1,TEI,Collection of prayers and charms.,2020-02-24T20:04:36+00:00,2014-12-02T09:47:09+00:00,2020-02-24T14:34:18+00:00
muslimworld,226,0001/ljs49,1,TEI,Rawdat al-adhhan fi ma`rifat tashrih badan al-insan.,2020-02-24T20:04:36+00:00,2015-02-11T17:43:29+00:00,2020-02-24T14:39:14+00:00
muslimworld,189,0001/ljs189,1,TEI,Zakhirah-'i Khvarazmshahi.,2020-02-24T20:04:37+00:00,2015-02-09T08:21:08+00:00,2020-02-24T14:40:14+00:00
muslimworld,164,0001/ljs196,1,TEI,Overpainted leaves from a Persian manuscript and an Arabic lithograph,2020-02-24T20:04:37+00:00,2015-02-04T21:45:06+00:00,2020-02-24T14:41:03+00:00
muslimworld,205,0001/ljs235,1,TEI,Kitab al-Adwar fi al-musiqa.,2020-02-24T20:04:37+00:00,2015-02-10T16:41:03+00:00,2020-02-24T14:41:54+00:00
muslimworld,279,0001/ljs278,1,TEI,Kitab-i Hashayish.,2020-02-24T20:04:37+00:00,2015-02-24T13:42:16+00:00,2020-02-24T14:42:48+00:00
muslimworld,292,0001/ljs286,1,TEI,Tahrir Usul al-handasah wa-al-hisab.,2020-02-24T20:04:37+00:00,2015-03-02T19:37:26+00:00,2020-02-24T14:43:42+00:00
muslimworld,22,0001/ljs294,1,TEI,Kitab al-Adwar fi al-musiqa.,2020-02-24T20:04:37+00:00,2014-11-04T21:48:19+00:00,2020-02-24T14:44:22+00:00
muslimworld,124,0001/ljs295,1,TEI,Kitab-i Advar.,2020-02-24T20:04:37+00:00,2014-12-03T13:54:58+00:00,2020-02-24T14:45:04+00:00
muslimworld,234,0001/ljs399,1,TEI,Inbat al-miyah al-khafiyah.,2020-02-24T20:04:37+00:00,2015-02-12T16:45:39+00:00,2020-02-24T14:47:22+00:00
muslimworld,181,0001/ljs400,1,TEI,Sharh-i Zij Gurgani.,2020-02-24T20:04:37+00:00,2015-02-07T17:38:17+00:00,2020-02-24T14:48:06+00:00
muslimworld,281,0001/ljs403,1,TEI,Alchemical compendium.,2020-02-24T20:04:37+00:00,2015-02-25T15:13:02+00:00,2020-02-24T14:49:04+00:00
muslimworld,90,0001/ljs404,1,TEI,Jami` al-`ulum.,2020-02-24T20:04:37+00:00,2014-12-02T05:36:43+00:00,2020-02-24T14:50:03+00:00
muslimworld,252,0001/ljs407,1,TEI,Collection of astronomical texts.,2020-02-24T20:04:37+00:00,2015-02-17T13:49:28+00:00,2020-02-24T14:50:57+00:00
muslimworld,297,0001/ljs411,1,TEI,Sharh-i Zij-i Ulugh Beg.,2020-02-24T20:04:37+00:00,2015-03-03T21:37:36+00:00,2020-02-24T14:51:47+00:00
muslimworld,280,0001/ljs414,1,TEI,Astrological compendium.,2020-02-24T20:04:37+00:00,2015-02-25T13:58:31+00:00,2020-02-24T14:53:25+00:00
muslimworld,96,0001/ljs417,1,TEI,Books III-V of al-Qanun fi al-tibb,2020-02-24T20:04:37+00:00,2014-12-02T10:18:52+00:00,2020-02-24T14:54:17+00:00
muslimworld,317,0001/ljs425,1,TEI,Risalah-i Tawdih al-alhan.,2020-02-24T20:04:37+00:00,2015-04-06T15:40:45+00:00,2020-02-24T14:55:27+00:00
muslimworld,320,0001/ljs427,1,TEI,Books II-V of al-Qanun fi al-tibb.,2020-02-24T20:04:37+00:00,2015-04-07T19:00:25+00:00,2020-02-24T14:56:16+00:00
muslimworld,213,0001/ljs434,1,TEI,Jadavil-i ikhtiyarat.,2020-02-24T20:04:37+00:00,2015-02-10T19:52:35+00:00,2020-02-24T14:58:02+00:00
muslimworld,274,0001/ljs441,1,TEI,Kitab al-Misbah wa-nuz'hat al-arwah fi `ilm al-miftah fi al-hikmah al-Ilahiyah wa-al-sina`ah al-falsafiyah wa al-natijah al-`aliyah.,2020-02-24T20:04:37+00:00,2015-02-20T18:56:26+00:00,2020-02-24T14:58:49+00:00
muslimworld,288,0001/ljs447,1,TEI,Masalik al-absar fi mamalik al-amsar.,2020-02-24T20:04:37+00:00,2015-02-27T17:23:48+00:00,2020-02-24T14:59:39+00:00
muslimworld,5631,0001/ljs466,1,TEI,Lata'if al-kalam fi ahkam al-a`wam.,2020-02-24T20:04:37+00:00,2017-11-27T19:11:58+00:00,2020-02-24T15:00:23+00:00
muslimworld,256,0001/ljs478,1,TEI,Kitab fi isti`ab al-wujuh al-mumkinah fi san`at al-asturlab.,2020-02-24T20:04:37+00:00,2015-02-17T18:42:22+00:00,2020-02-24T15:01:09+00:00
muslimworld,77,0001/ljs486,1,TEI,Kitab Alghaz fi al-lughah al-`Arabiyah.,2020-02-24T20:04:37+00:00,2014-12-01T01:36:23+00:00,2020-02-24T15:01:42+00:00
muslimworld,282,0001/ljs268,1,TEI,Kitab al-Majisti.,2020-02-24T20:04:37+00:00,2015-02-25T16:26:04+00:00,2020-02-24T15:02:18+00:00
muslimworld,9796,0023/lewis_o_046,23,TEI,Tarikh-i Nadiri.,2020-02-28T18:47:58+00:00,2020-02-28T14:55:58+00:00,2020-02-29T00:04:34+00:00
muslimworld,9795,0023/lewis_o_152,23,TEI,Ktaba d-zalge wsurara d-setese `idtanayete.,2020-02-28T18:47:58+00:00,2020-02-28T14:55:32+00:00,2020-02-29T00:04:34+00:00
muslimworld,9797,0023/lewis_o_163,23,TEI,Dala'il al-khayrat wa-shawariq al-anwar fi dhikr al-salah `ala al-Nabi al-mukhtar.,2020-02-28T18:47:58+00:00,2020-02-28T16:34:29+00:00,2020-02-29T00:04:34+00:00
muslimworld,9798,0023/lewis_o_164,23,TEI,Gospels. Questions and answers about Arabic grammar.,2020-02-28T18:47:58+00:00,2020-02-28T16:35:00+00:00,2020-02-29T00:04:34+00:00
muslimworld,9799,0023/lewis_o_191,23,TEI,Deccani portrait album.,2020-02-28T18:47:58+00:00,2020-02-28T16:35:30+00:00,2020-02-29T00:04:34+00:00
muslimworld,9801,0002/mscoll960_item2,2,TEI,Hizb al-Shaykh al-imam al-hafiz Muhyi al-Din al-Nawawi al-Shafi`i,2020-03-11T15:40:41+00:00,2020-03-02T14:30:11+00:00,2020-03-02T23:16:56+00:00
muslimworld,9800,0002/mscoll960_item6,2,TEI,Kitab al-Rahmah fi al-tibb wa-al-hikmah,2020-03-11T15:40:41+00:00,2020-02-28T16:40:53+00:00,2020-02-29T00:04:34+00:00
muslimworld,9803,0016/NEP33,16,TEI,Khamsah.,2020-03-18T14:45:52+00:00,2020-03-18T14:35:25+00:00,2020-03-18T22:43:03+00:00
muslimworld,9805,0012/69097_d,12,TEI,Dala'il al-khayrat wa-shawariq al-anwar fi dhikr al-salat `ala al-Nabi al-mukhtar / dly'l lkhyrt w shwrq lnwr fy dhkr lSl@ `l~ lnby lmkhtr,2020-03-23T18:56:47+00:00,2020-03-23T14:52:55+00:00,2020-04-03T13:38:34+00:00
muslimworld,9806,0012/yi_2_s_91073_d,12,TEI,Sharh Mi`ah 'amil / shrH my'@ `ml,2020-03-23T18:56:47+00:00,2020-03-23T16:49:02+00:00,2020-03-23T22:25:32+00:00
muslimworld,9807,0012/b10_f4,12,TEI,Charm,2020-03-23T20:09:41+00:00,2020-03-23T20:05:36+00:00,2020-03-24T14:09:43+00:00
muslimworld,9808,0032/ms_or_034,32,TEI,Sina`at al-jabr wa-al-muqabalah.,2020-03-24T19:33:03+00:00,2020-03-24T15:13:04+00:00,2020-03-24T22:38:22+00:00
muslimworld,9809,0032/ms_or_142,32,TEI,Collection of prayers,2020-03-24T19:33:03+00:00,2020-03-24T16:10:41+00:00,2020-03-24T22:38:22+00:00
muslimworld,9810,0032/ms_or_182,32,TEI,Surat al-An`am,2020-03-24T19:33:03+00:00,2020-03-24T17:03:17+00:00,2020-03-24T22:38:22+00:00
muslimworld,9811,0032/ms_or_297,32,TEI,Masayil-i jabr va muqabalah.,2020-03-24T19:33:03+00:00,2020-03-24T18:59:16+00:00,2020-03-24T22:38:22+00:00
muslimworld,9812,0032/ms_or_405,32,TEI,Two Persian miniatures,2020-03-25T19:39:07+00:00,2020-03-25T13:00:37+00:00,2020-03-25T22:41:05+00:00
muslimworld,9813,0032/ms_or_406,32,TEI,Leaf from the Qur'an,2020-03-25T19:39:07+00:00,2020-03-25T14:17:16+00:00,2020-03-25T22:41:05+00:00
muslimworld,9814,0032/ms_or_407,32,TEI,Leaf from the Qur'an,2020-03-25T19:39:07+00:00,2020-03-25T14:20:42+00:00,2020-03-25T22:41:05+00:00
muslimworld,9815,0032/ms_or_424,32,TEI,Ottoman Turkish expansion on al-Busiri's qasidat al-Burdah,2020-03-25T19:39:07+00:00,2020-03-25T14:37:50+00:00,2020-03-25T22:41:05+00:00
muslimworld,9816,0032/ms_or_443,32,TEI,Devotional book,2020-03-25T19:39:07+00:00,2020-03-25T14:51:14+00:00,2020-03-25T22:41:06+00:00
muslimworld,9817,0032/ms_or_444,32,TEI,Mavahib-i ilahi,2020-03-25T19:39:07+00:00,2020-03-25T16:00:20+00:00,2020-03-25T22:41:06+00:00
muslimworld,9818,0032/ms_or_448,32,TEI,al-Kafiyah,2020-03-25T19:39:07+00:00,2020-03-25T17:38:30+00:00,2020-03-25T22:41:06+00:00
muslimworld,9819,0032/ms_or_449,32,TEI,Prayer in the form of praise of the Prophet,2020-03-26T15:23:37+00:00,2020-03-26T12:54:17+00:00,2020-03-26T22:26:04+00:00
muslimworld,9827,0032/ms_or_486,32,TEI,Leaf from Makhzan al-asrar,2020-03-26T15:23:37+00:00,2020-03-26T15:19:09+00:00,2020-03-26T22:26:04+00:00
muslimworld,9828,0032/ms_or_451,32,TEI,Ilmihal,2020-03-27T20:56:28+00:00,2020-03-26T15:40:20+00:00,2020-03-26T22:26:04+00:00
muslimworld,9829,0032/ms_or_458,32,TEI,Dala'il al-khayrat wa-shawariq al-anwar fi dhikr al-salah `ala al-Nabi al-mukhtar.,2020-03-27T20:56:28+00:00,2020-03-26T16:03:30+00:00,2020-03-26T22:26:04+00:00
muslimworld,9821,0012/961_f_5d,12,TEI,Qur'an. Surat al-ikhlas / qran. swr@ lkhlS,2020-03-27T20:56:28+00:00,2020-03-26T13:07:25+00:00,2020-03-26T22:26:04+00:00
muslimworld,9831,0032/X892_8_Ad9,32,TEI,Adventures of Hatim Tai.,2020-03-30T16:24:11+00:00,2020-03-30T15:19:58+00:00,2020-05-13T15:48:15+00:00
muslimworld,9830,0032/X892_8_An8,32,TEI,Divan.,2020-03-30T16:24:11+00:00,2020-03-30T14:20:08+00:00,2020-03-30T22:37:31+00:00
muslimworld,9835,0002/mscoll960_item7,2,TEI,Risalat Ahmad ibn Musa ibn Ahmad ila al-qadiyayn Muhammad ibn Muhammad wa-Hamid Bannani hawla sharh al-Ihya',2020-04-14T20:40:54+00:00,2020-04-13T19:10:42+00:00,2020-04-13T22:16:42+00:00
muslimworld,9839,0002/mscoll960_item5,2,TEI,Dhikr ba`d mashahir ahl Fas fi al-qadim,2020-04-14T20:40:54+00:00,2020-04-14T19:58:14+00:00,2020-04-14T23:00:35+00:00
muslimworld,9837,0002/mscoll960_item18,2,TEI,Qasidah /,2020-04-14T20:40:54+00:00,2020-04-14T13:05:03+00:00,2020-04-14T23:00:35+00:00
muslimworld,9838,0002/mscoll960_item15,2,TEI,Itqan wa-al-ahkam fi sharh Tuhfat al-ahkam,2020-04-14T20:40:54+00:00,2020-04-14T16:27:56+00:00,2020-04-14T23:00:35+00:00
muslimworld,9840,0032/ms_or_184,32,TEI,Devotional book,2020-05-06T02:25:28+00:00,2020-05-05T18:27:19+00:00,2020-05-05T22:32:12+00:00
muslimworld,9841,0032/ms_or_200,32,TEI,al-Qur'an.,2020-05-06T02:25:28+00:00,2020-05-05T19:26:45+00:00,2020-05-05T22:32:12+00:00
muslimworld,9842,0032/ms_or_225,32,TEI,Zad al-ma`ad.,2020-05-06T02:25:28+00:00,2020-05-06T01:23:23+00:00,2020-05-07T00:20:50+00:00
muslimworld,9843,0032/ms_or_231,32,TEI,al-Qur'an,2020-05-06T17:53:44+00:00,2020-05-06T02:37:56+00:00,2020-05-07T00:20:50+00:00
muslimworld,9844,0032/ms_or_253,32,TEI,al-Qur'an,2020-05-06T17:53:44+00:00,2020-05-06T12:55:58+00:00,2020-05-07T00:20:50+00:00
muslimworld,9847,0032/ms_or_452,32,TEI,Collection of Persian poetry,2020-05-06T17:53:44+00:00,2020-05-06T15:48:22+00:00,2020-05-07T00:20:50+00:00
muslimworld,9848,0032/ms_or_460,32,TEI,Three treatises on astronomy and arithmetic,2020-05-06T17:53:44+00:00,2020-05-06T17:09:11+00:00,2020-05-07T00:20:50+00:00
muslimworld,9849,0032/X892_8_Ab9_O,32,TEI,Abvab al-jinan.,2020-05-07T13:08:33+00:00,2020-05-06T18:50:38+00:00,2020-05-07T00:20:50+00:00
muslimworld,9850,0032/X892_8_N23_L,32,TEI,Navadir al-Shabab.,2020-05-07T13:08:33+00:00,2020-05-07T01:35:32+00:00,2020-05-07T23:37:35+00:00
muslimworld,9851,0002/cajs_rarms121,2,TEI,al-Qur'an.,2020-05-07T21:01:43+00:00,2020-05-07T15:28:32+00:00,2020-05-07T23:37:35+00:00
muslimworld,9852,0032/ms_or_309,32,TEI,Hafirat al-ta'sis min ta'lif al-Qass Ali`azar.,2020-05-07T21:01:43+00:00,2020-05-07T18:00:15+00:00,2020-05-07T23:37:35+00:00
muslimworld,9854,0002/cajs_rarms141,2,TEI,Kitab al-Muntaza` min kalam mawlana.,2020-05-12T13:26:53+00:00,2020-05-08T15:52:04+00:00,2020-05-08T22:47:45+00:00
muslimworld,9855,0002/cajs_rarms166,2,TEI,al-Mushaf al-Muqaddas.,2020-05-12T13:26:53+00:00,2020-05-08T21:12:20+00:00,2020-05-09T23:09:51+00:00
muslimworld,9856,0002/cajs_rarms169,2,TEI,Gospel of Mark.,2020-05-12T20:15:58+00:00,2020-05-12T13:37:47+00:00,2020-05-12T23:20:12+00:00
muslimworld,9857,0002/cajs_rarms175,2,TEI,Muqaddimat al-Rasa'il Bulus.,2020-05-12T20:15:58+00:00,2020-05-12T14:38:10+00:00,2020-05-12T23:20:12+00:00
muslimworld,9858,0002/cajs_rarms176,2,TEI,al-Kitab al-musamma bi-al-Durr al-muntakhab li-Yuhanna al-Dhahabi.,2020-05-12T20:15:58+00:00,2020-05-12T18:04:30+00:00,2020-05-12T23:20:12+00:00
muslimworld,9861,0002/kcajs_rar_ms154,2,TEI,Tahrir al-qawa`id al-mantiqiyah fi sharh al-Risalah al-Shamsiyah.,2020-06-02T16:02:32+00:00,2020-05-28T16:17:25+00:00,2020-05-28T22:35:23+00:00